/*
 Navicat Premium Dump SQL

 Source Server         : MySQL
 Source Server Type    : MySQL
 Source Server Version : 80041 (8.0.41)
 Source Host           : localhost:3306
 Source Schema         : ry_eqsy_repair

 Target Server Type    : MySQL
 Target Server Version : 80041 (8.0.41)
 File Encoding         : 65001

 Date: 13/04/2026 15:20:22
*/

SET NAMES utf8mb4;
SET FOREIGN_KEY_CHECKS = 0;

-- ----------------------------
-- Table structure for gen_table
-- ----------------------------
DROP TABLE IF EXISTS `gen_table`;
CREATE TABLE `gen_table`  (
  `table_id` bigint NOT NULL AUTO_INCREMENT COMMENT 'зј–еҸ·',
  `table_name` varchar(200) CHARACTER SET utf8mb4 COLLATE utf8mb4_0900_ai_ci NULL DEFAULT '' COMMENT 'иЎЁеҗҚз§°',
  `table_comment` varchar(500) CHARACTER SET utf8mb4 COLLATE utf8mb4_0900_ai_ci NULL DEFAULT '' COMMENT 'иЎЁжҸҸиҝ°',
  `sub_table_name` varchar(64) CHARACTER SET utf8mb4 COLLATE utf8mb4_0900_ai_ci NULL DEFAULT NULL COMMENT 'е…іиҒ”еӯҗиЎЁзҡ„иЎЁеҗҚ',
  `sub_table_fk_name` varchar(64) CHARACTER SET utf8mb4 COLLATE utf8mb4_0900_ai_ci NULL DEFAULT NULL COMMENT 'еӯҗиЎЁе…іиҒ”зҡ„еӨ–й”®еҗҚ',
  `class_name` varchar(100) CHARACTER SET utf8mb4 COLLATE utf8mb4_0900_ai_ci NULL DEFAULT '' COMMENT 'е®һдҪ“зұ»еҗҚз§°',
  `tpl_category` varchar(200) CHARACTER SET utf8mb4 COLLATE utf8mb4_0900_ai_ci NULL DEFAULT 'crud' COMMENT 'дҪҝз”Ёзҡ„жЁЎжқҝпјҲcrudеҚ•иЎЁж“ҚдҪң treeж ‘иЎЁж“ҚдҪңпјү',
  `tpl_web_type` varchar(30) CHARACTER SET utf8mb4 COLLATE utf8mb4_0900_ai_ci NULL DEFAULT '' COMMENT 'еүҚз«ҜжЁЎжқҝзұ»еһӢпјҲelement-uiжЁЎзүҲ element-plusжЁЎзүҲпјү',
  `package_name` varchar(100) CHARACTER SET utf8mb4 COLLATE utf8mb4_0900_ai_ci NULL DEFAULT NULL COMMENT 'з”ҹжҲҗеҢ…и·Ҝеҫ„',
  `module_name` varchar(30) CHARACTER SET utf8mb4 COLLATE utf8mb4_0900_ai_ci NULL DEFAULT NULL COMMENT 'з”ҹжҲҗжЁЎеқ—еҗҚ',
  `business_name` varchar(30) CHARACTER SET utf8mb4 COLLATE utf8mb4_0900_ai_ci NULL DEFAULT NULL COMMENT 'з”ҹжҲҗдёҡеҠЎеҗҚ',
  `function_name` varchar(50) CHARACTER SET utf8mb4 COLLATE utf8mb4_0900_ai_ci NULL DEFAULT NULL COMMENT 'з”ҹжҲҗеҠҹиғҪеҗҚ',
  `function_author` varchar(50) CHARACTER SET utf8mb4 COLLATE utf8mb4_0900_ai_ci NULL DEFAULT NULL COMMENT 'з”ҹжҲҗеҠҹиғҪдҪңиҖ…',
  `gen_type` char(1) CHARACTER SET utf8mb4 COLLATE utf8mb4_0900_ai_ci NULL DEFAULT '0' COMMENT 'з”ҹжҲҗд»Јз Ғж–№ејҸпјҲ0zipеҺӢзј©еҢ… 1иҮӘе®ҡд№үи·Ҝеҫ„пјү',
  `gen_path` varchar(200) CHARACTER SET utf8mb4 COLLATE utf8mb4_0900_ai_ci NULL DEFAULT '/' COMMENT 'з”ҹжҲҗи·Ҝеҫ„пјҲдёҚеЎ«й»ҳи®ӨйЎ№зӣ®и·Ҝеҫ„пјү',
  `options` varchar(1000) CHARACTER SET utf8mb4 COLLATE utf8mb4_0900_ai_ci NULL DEFAULT NULL COMMENT 'е…¶е®ғз”ҹжҲҗйҖүйЎ№',
  `create_by` varchar(64) CHARACTER SET utf8mb4 COLLATE utf8mb4_0900_ai_ci NULL DEFAULT '' COMMENT 'еҲӣе»әиҖ…',
  `create_time` datetime NULL DEFAULT NULL COMMENT 'еҲӣе»әж—¶й—ҙ',
  `update_by` varchar(64) CHARACTER SET utf8mb4 COLLATE utf8mb4_0900_ai_ci NULL DEFAULT '' COMMENT 'жӣҙж–°иҖ…',
  `update_time` datetime NULL DEFAULT NULL COMMENT 'жӣҙж–°ж—¶й—ҙ',
  `remark` varchar(500) CHARACTER SET utf8mb4 COLLATE utf8mb4_0900_ai_ci NULL DEFAULT NULL COMMENT 'еӨҮжіЁ',
  PRIMARY KEY (`table_id`) USING BTREE
) ENGINE = InnoDB CHARACTER SET = utf8mb4 COLLATE = utf8mb4_0900_ai_ci COMMENT = 'д»Јз Ғз”ҹжҲҗдёҡеҠЎиЎЁ' ROW_FORMAT = DYNAMIC;

-- ----------------------------
-- Records of gen_table
-- ----------------------------

-- ----------------------------
-- Table structure for gen_table_column
-- ----------------------------
DROP TABLE IF EXISTS `gen_table_column`;
CREATE TABLE `gen_table_column`  (
  `column_id` bigint NOT NULL AUTO_INCREMENT COMMENT 'зј–еҸ·',
  `table_id` bigint NULL DEFAULT NULL COMMENT 'еҪ’еұһиЎЁзј–еҸ·',
  `column_name` varchar(200) CHARACTER SET utf8mb4 COLLATE utf8mb4_0900_ai_ci NULL DEFAULT NULL COMMENT 'еҲ—еҗҚз§°',
  `column_comment` varchar(500) CHARACTER SET utf8mb4 COLLATE utf8mb4_0900_ai_ci NULL DEFAULT NULL COMMENT 'еҲ—жҸҸиҝ°',
  `column_type` varchar(100) CHARACTER SET utf8mb4 COLLATE utf8mb4_0900_ai_ci NULL DEFAULT NULL COMMENT 'еҲ—зұ»еһӢ',
  `java_type` varchar(500) CHARACTER SET utf8mb4 COLLATE utf8mb4_0900_ai_ci NULL DEFAULT NULL COMMENT 'JAVAзұ»еһӢ',
  `java_field` varchar(200) CHARACTER SET utf8mb4 COLLATE utf8mb4_0900_ai_ci NULL DEFAULT NULL COMMENT 'JAVAеӯ—ж®өеҗҚ',
  `is_pk` char(1) CHARACTER SET utf8mb4 COLLATE utf8mb4_0900_ai_ci NULL DEFAULT NULL COMMENT 'жҳҜеҗҰдё»й”®пјҲ1жҳҜпјү',
  `is_increment` char(1) CHARACTER SET utf8mb4 COLLATE utf8mb4_0900_ai_ci NULL DEFAULT NULL COMMENT 'жҳҜеҗҰиҮӘеўһпјҲ1жҳҜпјү',
  `is_required` char(1) CHARACTER SET utf8mb4 COLLATE utf8mb4_0900_ai_ci NULL DEFAULT NULL COMMENT 'жҳҜеҗҰеҝ…еЎ«пјҲ1жҳҜпјү',
  `is_insert` char(1) CHARACTER SET utf8mb4 COLLATE utf8mb4_0900_ai_ci NULL DEFAULT NULL COMMENT 'жҳҜеҗҰдёәжҸ’е…Ҙеӯ—ж®өпјҲ1жҳҜпјү',
  `is_edit` char(1) CHARACTER SET utf8mb4 COLLATE utf8mb4_0900_ai_ci NULL DEFAULT NULL COMMENT 'жҳҜеҗҰзј–иҫ‘еӯ—ж®өпјҲ1жҳҜпјү',
  `is_list` char(1) CHARACTER SET utf8mb4 COLLATE utf8mb4_0900_ai_ci NULL DEFAULT NULL COMMENT 'жҳҜеҗҰеҲ—иЎЁеӯ—ж®өпјҲ1жҳҜпјү',
  `is_query` char(1) CHARACTER SET utf8mb4 COLLATE utf8mb4_0900_ai_ci NULL DEFAULT NULL COMMENT 'жҳҜеҗҰжҹҘиҜўеӯ—ж®өпјҲ1жҳҜпјү',
  `query_type` varchar(200) CHARACTER SET utf8mb4 COLLATE utf8mb4_0900_ai_ci NULL DEFAULT 'EQ' COMMENT 'жҹҘиҜўж–№ејҸпјҲзӯүдәҺгҖҒдёҚзӯүдәҺгҖҒеӨ§дәҺгҖҒе°ҸдәҺгҖҒиҢғеӣҙпјү',
  `html_type` varchar(200) CHARACTER SET utf8mb4 COLLATE utf8mb4_0900_ai_ci NULL DEFAULT NULL COMMENT 'жҳҫзӨәзұ»еһӢпјҲж–Үжң¬жЎҶгҖҒж–Үжң¬еҹҹгҖҒдёӢжӢүжЎҶгҖҒеӨҚйҖүжЎҶгҖҒеҚ•йҖүжЎҶгҖҒж—ҘжңҹжҺ§д»¶пјү',
  `dict_type` varchar(200) CHARACTER SET utf8mb4 COLLATE utf8mb4_0900_ai_ci NULL DEFAULT '' COMMENT 'еӯ—е…ёзұ»еһӢ',
  `sort` int NULL DEFAULT NULL COMMENT 'жҺ’еәҸ',
  `create_by` varchar(64) CHARACTER SET utf8mb4 COLLATE utf8mb4_0900_ai_ci NULL DEFAULT '' COMMENT 'еҲӣе»әиҖ…',
  `create_time` datetime NULL DEFAULT NULL COMMENT 'еҲӣе»әж—¶й—ҙ',
  `update_by` varchar(64) CHARACTER SET utf8mb4 COLLATE utf8mb4_0900_ai_ci NULL DEFAULT '' COMMENT 'жӣҙж–°иҖ…',
  `update_time` datetime NULL DEFAULT NULL COMMENT 'жӣҙж–°ж—¶й—ҙ',
  PRIMARY KEY (`column_id`) USING BTREE
) ENGINE = InnoDB CHARACTER SET = utf8mb4 COLLATE = utf8mb4_0900_ai_ci COMMENT = 'д»Јз Ғз”ҹжҲҗдёҡеҠЎиЎЁеӯ—ж®ө' ROW_FORMAT = DYNAMIC;

-- ----------------------------
-- Records of gen_table_column
-- ----------------------------

-- ----------------------------
-- Table structure for qrtz_blob_triggers
-- ----------------------------
DROP TABLE IF EXISTS `qrtz_blob_triggers`;
CREATE TABLE `qrtz_blob_triggers`  (
  `sched_name` varchar(120) CHARACTER SET utf8mb4 COLLATE utf8mb4_0900_ai_ci NOT NULL COMMENT 'и°ғеәҰеҗҚз§°',
  `trigger_name` varchar(200) CHARACTER SET utf8mb4 COLLATE utf8mb4_0900_ai_ci NOT NULL COMMENT 'qrtz_triggersиЎЁtrigger_nameзҡ„еӨ–й”®',
  `trigger_group` varchar(200) CHARACTER SET utf8mb4 COLLATE utf8mb4_0900_ai_ci NOT NULL COMMENT 'qrtz_triggersиЎЁtrigger_groupзҡ„еӨ–й”®',
  `blob_data` blob NULL COMMENT 'еӯҳж”ҫжҢҒд№…еҢ–TriggerеҜ№иұЎ',
  PRIMARY KEY (`sched_name`, `trigger_name`, `trigger_group`) USING BTREE,
  CONSTRAINT `qrtz_blob_triggers_ibfk_1` FOREIGN KEY (`sched_name`, `trigger_name`, `trigger_group`) REFERENCES `qrtz_triggers` (`sched_name`, `trigger_name`, `trigger_group`) ON DELETE RESTRICT ON UPDATE RESTRICT
) ENGINE = InnoDB CHARACTER SET = utf8mb4 COLLATE = utf8mb4_0900_ai_ci COMMENT = 'Blobзұ»еһӢзҡ„и§ҰеҸ‘еҷЁиЎЁ' ROW_FORMAT = DYNAMIC;

-- ----------------------------
-- Records of qrtz_blob_triggers
-- ----------------------------

-- ----------------------------
-- Table structure for qrtz_calendars
-- ----------------------------
DROP TABLE IF EXISTS `qrtz_calendars`;
CREATE TABLE `qrtz_calendars`  (
  `sched_name` varchar(120) CHARACTER SET utf8mb4 COLLATE utf8mb4_0900_ai_ci NOT NULL COMMENT 'и°ғеәҰеҗҚз§°',
  `calendar_name` varchar(200) CHARACTER SET utf8mb4 COLLATE utf8mb4_0900_ai_ci NOT NULL COMMENT 'ж—ҘеҺҶеҗҚз§°',
  `calendar` blob NOT NULL COMMENT 'еӯҳж”ҫжҢҒд№…еҢ–calendarеҜ№иұЎ',
  PRIMARY KEY (`sched_name`, `calendar_name`) USING BTREE
) ENGINE = InnoDB CHARACTER SET = utf8mb4 COLLATE = utf8mb4_0900_ai_ci COMMENT = 'ж—ҘеҺҶдҝЎжҒҜиЎЁ' ROW_FORMAT = DYNAMIC;

-- ----------------------------
-- Records of qrtz_calendars
-- ----------------------------

-- ----------------------------
-- Table structure for qrtz_cron_triggers
-- ----------------------------
DROP TABLE IF EXISTS `qrtz_cron_triggers`;
CREATE TABLE `qrtz_cron_triggers`  (
  `sched_name` varchar(120) CHARACTER SET utf8mb4 COLLATE utf8mb4_0900_ai_ci NOT NULL COMMENT 'и°ғеәҰеҗҚз§°',
  `trigger_name` varchar(200) CHARACTER SET utf8mb4 COLLATE utf8mb4_0900_ai_ci NOT NULL COMMENT 'qrtz_triggersиЎЁtrigger_nameзҡ„еӨ–й”®',
  `trigger_group` varchar(200) CHARACTER SET utf8mb4 COLLATE utf8mb4_0900_ai_ci NOT NULL COMMENT 'qrtz_triggersиЎЁtrigger_groupзҡ„еӨ–й”®',
  `cron_expression` varchar(200) CHARACTER SET utf8mb4 COLLATE utf8mb4_0900_ai_ci NOT NULL COMMENT 'cronиЎЁиҫҫејҸ',
  `time_zone_id` varchar(80) CHARACTER SET utf8mb4 COLLATE utf8mb4_0900_ai_ci NULL DEFAULT NULL COMMENT 'ж—¶еҢә',
  PRIMARY KEY (`sched_name`, `trigger_name`, `trigger_group`) USING BTREE,
  CONSTRAINT `qrtz_cron_triggers_ibfk_1` FOREIGN KEY (`sched_name`, `trigger_name`, `trigger_group`) REFERENCES `qrtz_triggers` (`sched_name`, `trigger_name`, `trigger_group`) ON DELETE RESTRICT ON UPDATE RESTRICT
) ENGINE = InnoDB CHARACTER SET = utf8mb4 COLLATE = utf8mb4_0900_ai_ci COMMENT = 'Cronзұ»еһӢзҡ„и§ҰеҸ‘еҷЁиЎЁ' ROW_FORMAT = DYNAMIC;

-- ----------------------------
-- Records of qrtz_cron_triggers
-- ----------------------------

-- ----------------------------
-- Table structure for qrtz_fired_triggers
-- ----------------------------
DROP TABLE IF EXISTS `qrtz_fired_triggers`;
CREATE TABLE `qrtz_fired_triggers`  (
  `sched_name` varchar(120) CHARACTER SET utf8mb4 COLLATE utf8mb4_0900_ai_ci NOT NULL COMMENT 'и°ғеәҰеҗҚз§°',
  `entry_id` varchar(95) CHARACTER SET utf8mb4 COLLATE utf8mb4_0900_ai_ci NOT NULL COMMENT 'и°ғеәҰеҷЁе®һдҫӢid',
  `trigger_name` varchar(200) CHARACTER SET utf8mb4 COLLATE utf8mb4_0900_ai_ci NOT NULL COMMENT 'qrtz_triggersиЎЁtrigger_nameзҡ„еӨ–й”®',
  `trigger_group` varchar(200) CHARACTER SET utf8mb4 COLLATE utf8mb4_0900_ai_ci NOT NULL COMMENT 'qrtz_triggersиЎЁtrigger_groupзҡ„еӨ–й”®',
  `instance_name` varchar(200) CHARACTER SET utf8mb4 COLLATE utf8mb4_0900_ai_ci NOT NULL COMMENT 'и°ғеәҰеҷЁе®һдҫӢеҗҚ',
  `fired_time` bigint NOT NULL COMMENT 'и§ҰеҸ‘зҡ„ж—¶й—ҙ',
  `sched_time` bigint NOT NULL COMMENT 'е®ҡж—¶еҷЁеҲ¶е®ҡзҡ„ж—¶й—ҙ',
  `priority` int NOT NULL COMMENT 'дјҳе…Ҳзә§',
  `state` varchar(16) CHARACTER SET utf8mb4 COLLATE utf8mb4_0900_ai_ci NOT NULL COMMENT 'зҠ¶жҖҒ',
  `job_name` varchar(200) CHARACTER SET utf8mb4 COLLATE utf8mb4_0900_ai_ci NULL DEFAULT NULL COMMENT 'д»»еҠЎеҗҚз§°',
  `job_group` varchar(200) CHARACTER SET utf8mb4 COLLATE utf8mb4_0900_ai_ci NULL DEFAULT NULL COMMENT 'д»»еҠЎз»„еҗҚ',
  `is_nonconcurrent` varchar(1) CHARACTER SET utf8mb4 COLLATE utf8mb4_0900_ai_ci NULL DEFAULT NULL COMMENT 'жҳҜеҗҰе№¶еҸ‘',
  `requests_recovery` varchar(1) CHARACTER SET utf8mb4 COLLATE utf8mb4_0900_ai_ci NULL DEFAULT NULL COMMENT 'жҳҜеҗҰжҺҘеҸ—жҒўеӨҚжү§иЎҢ',
  PRIMARY KEY (`sched_name`, `entry_id`) USING BTREE
) ENGINE = InnoDB CHARACTER SET = utf8mb4 COLLATE = utf8mb4_0900_ai_ci COMMENT = 'е·Іи§ҰеҸ‘зҡ„и§ҰеҸ‘еҷЁиЎЁ' ROW_FORMAT = DYNAMIC;

-- ----------------------------
-- Records of qrtz_fired_triggers
-- ----------------------------

-- ----------------------------
-- Table structure for qrtz_job_details
-- ----------------------------
DROP TABLE IF EXISTS `qrtz_job_details`;
CREATE TABLE `qrtz_job_details`  (
  `sched_name` varchar(120) CHARACTER SET utf8mb4 COLLATE utf8mb4_0900_ai_ci NOT NULL COMMENT 'и°ғеәҰеҗҚз§°',
  `job_name` varchar(200) CHARACTER SET utf8mb4 COLLATE utf8mb4_0900_ai_ci NOT NULL COMMENT 'д»»еҠЎеҗҚз§°',
  `job_group` varchar(200) CHARACTER SET utf8mb4 COLLATE utf8mb4_0900_ai_ci NOT NULL COMMENT 'д»»еҠЎз»„еҗҚ',
  `description` varchar(250) CHARACTER SET utf8mb4 COLLATE utf8mb4_0900_ai_ci NULL DEFAULT NULL COMMENT 'зӣёе…ід»Ӣз»Қ',
  `job_class_name` varchar(250) CHARACTER SET utf8mb4 COLLATE utf8mb4_0900_ai_ci NOT NULL COMMENT 'жү§иЎҢд»»еҠЎзұ»еҗҚз§°',
  `is_durable` varchar(1) CHARACTER SET utf8mb4 COLLATE utf8mb4_0900_ai_ci NOT NULL COMMENT 'жҳҜеҗҰжҢҒд№…еҢ–',
  `is_nonconcurrent` varchar(1) CHARACTER SET utf8mb4 COLLATE utf8mb4_0900_ai_ci NOT NULL COMMENT 'жҳҜеҗҰе№¶еҸ‘',
  `is_update_data` varchar(1) CHARACTER SET utf8mb4 COLLATE utf8mb4_0900_ai_ci NOT NULL COMMENT 'жҳҜеҗҰжӣҙж–°ж•°жҚ®',
  `requests_recovery` varchar(1) CHARACTER SET utf8mb4 COLLATE utf8mb4_0900_ai_ci NOT NULL COMMENT 'жҳҜеҗҰжҺҘеҸ—жҒўеӨҚжү§иЎҢ',
  `job_data` blob NULL COMMENT 'еӯҳж”ҫжҢҒд№…еҢ–jobеҜ№иұЎ',
  PRIMARY KEY (`sched_name`, `job_name`, `job_group`) USING BTREE
) ENGINE = InnoDB CHARACTER SET = utf8mb4 COLLATE = utf8mb4_0900_ai_ci COMMENT = 'д»»еҠЎиҜҰз»ҶдҝЎжҒҜиЎЁ' ROW_FORMAT = DYNAMIC;

-- ----------------------------
-- Records of qrtz_job_details
-- ----------------------------

-- ----------------------------
-- Table structure for qrtz_locks
-- ----------------------------
DROP TABLE IF EXISTS `qrtz_locks`;
CREATE TABLE `qrtz_locks`  (
  `sched_name` varchar(120) CHARACTER SET utf8mb4 COLLATE utf8mb4_0900_ai_ci NOT NULL COMMENT 'и°ғеәҰеҗҚз§°',
  `lock_name` varchar(40) CHARACTER SET utf8mb4 COLLATE utf8mb4_0900_ai_ci NOT NULL COMMENT 'жӮІи§Ӯй”ҒеҗҚз§°',
  PRIMARY KEY (`sched_name`, `lock_name`) USING BTREE
) ENGINE = InnoDB CHARACTER SET = utf8mb4 COLLATE = utf8mb4_0900_ai_ci COMMENT = 'еӯҳеӮЁзҡ„жӮІи§Ӯй”ҒдҝЎжҒҜиЎЁ' ROW_FORMAT = DYNAMIC;

-- ----------------------------
-- Records of qrtz_locks
-- ----------------------------

-- ----------------------------
-- Table structure for qrtz_paused_trigger_grps
-- ----------------------------
DROP TABLE IF EXISTS `qrtz_paused_trigger_grps`;
CREATE TABLE `qrtz_paused_trigger_grps`  (
  `sched_name` varchar(120) CHARACTER SET utf8mb4 COLLATE utf8mb4_0900_ai_ci NOT NULL COMMENT 'и°ғеәҰеҗҚз§°',
  `trigger_group` varchar(200) CHARACTER SET utf8mb4 COLLATE utf8mb4_0900_ai_ci NOT NULL COMMENT 'qrtz_triggersиЎЁtrigger_groupзҡ„еӨ–й”®',
  PRIMARY KEY (`sched_name`, `trigger_group`) USING BTREE
) ENGINE = InnoDB CHARACTER SET = utf8mb4 COLLATE = utf8mb4_0900_ai_ci COMMENT = 'жҡӮеҒңзҡ„и§ҰеҸ‘еҷЁиЎЁ' ROW_FORMAT = DYNAMIC;

-- ----------------------------
-- Records of qrtz_paused_trigger_grps
-- ----------------------------

-- ----------------------------
-- Table structure for qrtz_scheduler_state
-- ----------------------------
DROP TABLE IF EXISTS `qrtz_scheduler_state`;
CREATE TABLE `qrtz_scheduler_state`  (
  `sched_name` varchar(120) CHARACTER SET utf8mb4 COLLATE utf8mb4_0900_ai_ci NOT NULL COMMENT 'и°ғеәҰеҗҚз§°',
  `instance_name` varchar(200) CHARACTER SET utf8mb4 COLLATE utf8mb4_0900_ai_ci NOT NULL COMMENT 'е®һдҫӢеҗҚз§°',
  `last_checkin_time` bigint NOT NULL COMMENT 'дёҠж¬ЎжЈҖжҹҘж—¶й—ҙ',
  `checkin_interval` bigint NOT NULL COMMENT 'жЈҖжҹҘй—ҙйҡ”ж—¶й—ҙ',
  PRIMARY KEY (`sched_name`, `instance_name`) USING BTREE
) ENGINE = InnoDB CHARACTER SET = utf8mb4 COLLATE = utf8mb4_0900_ai_ci COMMENT = 'и°ғеәҰеҷЁзҠ¶жҖҒиЎЁ' ROW_FORMAT = DYNAMIC;

-- ----------------------------
-- Records of qrtz_scheduler_state
-- ----------------------------

-- ----------------------------
-- Table structure for qrtz_simple_triggers
-- ----------------------------
DROP TABLE IF EXISTS `qrtz_simple_triggers`;
CREATE TABLE `qrtz_simple_triggers`  (
  `sched_name` varchar(120) CHARACTER SET utf8mb4 COLLATE utf8mb4_0900_ai_ci NOT NULL COMMENT 'и°ғеәҰеҗҚз§°',
  `trigger_name` varchar(200) CHARACTER SET utf8mb4 COLLATE utf8mb4_0900_ai_ci NOT NULL COMMENT 'qrtz_triggersиЎЁtrigger_nameзҡ„еӨ–й”®',
  `trigger_group` varchar(200) CHARACTER SET utf8mb4 COLLATE utf8mb4_0900_ai_ci NOT NULL COMMENT 'qrtz_triggersиЎЁtrigger_groupзҡ„еӨ–й”®',
  `repeat_count` bigint NOT NULL COMMENT 'йҮҚеӨҚзҡ„ж¬Ўж•°з»ҹи®Ў',
  `repeat_interval` bigint NOT NULL COMMENT 'йҮҚеӨҚзҡ„й—ҙйҡ”ж—¶й—ҙ',
  `times_triggered` bigint NOT NULL COMMENT 'е·Із»Ҹи§ҰеҸ‘зҡ„ж¬Ўж•°',
  PRIMARY KEY (`sched_name`, `trigger_name`, `trigger_group`) USING BTREE,
  CONSTRAINT `qrtz_simple_triggers_ibfk_1` FOREIGN KEY (`sched_name`, `trigger_name`, `trigger_group`) REFERENCES `qrtz_triggers` (`sched_name`, `trigger_name`, `trigger_group`) ON DELETE RESTRICT ON UPDATE RESTRICT
) ENGINE = InnoDB CHARACTER SET = utf8mb4 COLLATE = utf8mb4_0900_ai_ci COMMENT = 'з®ҖеҚ•и§ҰеҸ‘еҷЁзҡ„дҝЎжҒҜиЎЁ' ROW_FORMAT = DYNAMIC;

-- ----------------------------
-- Records of qrtz_simple_triggers
-- ----------------------------

-- ----------------------------
-- Table structure for qrtz_simprop_triggers
-- ----------------------------
DROP TABLE IF EXISTS `qrtz_simprop_triggers`;
CREATE TABLE `qrtz_simprop_triggers`  (
  `sched_name` varchar(120) CHARACTER SET utf8mb4 COLLATE utf8mb4_0900_ai_ci NOT NULL COMMENT 'и°ғеәҰеҗҚз§°',
  `trigger_name` varchar(200) CHARACTER SET utf8mb4 COLLATE utf8mb4_0900_ai_ci NOT NULL COMMENT 'qrtz_triggersиЎЁtrigger_nameзҡ„еӨ–й”®',
  `trigger_group` varchar(200) CHARACTER SET utf8mb4 COLLATE utf8mb4_0900_ai_ci NOT NULL COMMENT 'qrtz_triggersиЎЁtrigger_groupзҡ„еӨ–й”®',
  `str_prop_1` varchar(512) CHARACTER SET utf8mb4 COLLATE utf8mb4_0900_ai_ci NULL DEFAULT NULL COMMENT 'Stringзұ»еһӢзҡ„triggerзҡ„з¬¬дёҖдёӘеҸӮж•°',
  `str_prop_2` varchar(512) CHARACTER SET utf8mb4 COLLATE utf8mb4_0900_ai_ci NULL DEFAULT NULL COMMENT 'Stringзұ»еһӢзҡ„triggerзҡ„з¬¬дәҢдёӘеҸӮж•°',
  `str_prop_3` varchar(512) CHARACTER SET utf8mb4 COLLATE utf8mb4_0900_ai_ci NULL DEFAULT NULL COMMENT 'Stringзұ»еһӢзҡ„triggerзҡ„з¬¬дёүдёӘеҸӮж•°',
  `int_prop_1` int NULL DEFAULT NULL COMMENT 'intзұ»еһӢзҡ„triggerзҡ„з¬¬дёҖдёӘеҸӮж•°',
  `int_prop_2` int NULL DEFAULT NULL COMMENT 'intзұ»еһӢзҡ„triggerзҡ„з¬¬дәҢдёӘеҸӮж•°',
  `long_prop_1` bigint NULL DEFAULT NULL COMMENT 'longзұ»еһӢзҡ„triggerзҡ„з¬¬дёҖдёӘеҸӮж•°',
  `long_prop_2` bigint NULL DEFAULT NULL COMMENT 'longзұ»еһӢзҡ„triggerзҡ„з¬¬дәҢдёӘеҸӮж•°',
  `dec_prop_1` decimal(13, 4) NULL DEFAULT NULL COMMENT 'decimalзұ»еһӢзҡ„triggerзҡ„з¬¬дёҖдёӘеҸӮж•°',
  `dec_prop_2` decimal(13, 4) NULL DEFAULT NULL COMMENT 'decimalзұ»еһӢзҡ„triggerзҡ„з¬¬дәҢдёӘеҸӮж•°',
  `bool_prop_1` varchar(1) CHARACTER SET utf8mb4 COLLATE utf8mb4_0900_ai_ci NULL DEFAULT NULL COMMENT 'Booleanзұ»еһӢзҡ„triggerзҡ„з¬¬дёҖдёӘеҸӮж•°',
  `bool_prop_2` varchar(1) CHARACTER SET utf8mb4 COLLATE utf8mb4_0900_ai_ci NULL DEFAULT NULL COMMENT 'Booleanзұ»еһӢзҡ„triggerзҡ„з¬¬дәҢдёӘеҸӮж•°',
  PRIMARY KEY (`sched_name`, `trigger_name`, `trigger_group`) USING BTREE,
  CONSTRAINT `qrtz_simprop_triggers_ibfk_1` FOREIGN KEY (`sched_name`, `trigger_name`, `trigger_group`) REFERENCES `qrtz_triggers` (`sched_name`, `trigger_name`, `trigger_group`) ON DELETE RESTRICT ON UPDATE RESTRICT
) ENGINE = InnoDB CHARACTER SET = utf8mb4 COLLATE = utf8mb4_0900_ai_ci COMMENT = 'еҗҢжӯҘжңәеҲ¶зҡ„иЎҢй”ҒиЎЁ' ROW_FORMAT = DYNAMIC;

-- ----------------------------
-- Records of qrtz_simprop_triggers
-- ----------------------------

-- ----------------------------
-- Table structure for qrtz_triggers
-- ----------------------------
DROP TABLE IF EXISTS `qrtz_triggers`;
CREATE TABLE `qrtz_triggers`  (
  `sched_name` varchar(120) CHARACTER SET utf8mb4 COLLATE utf8mb4_0900_ai_ci NOT NULL COMMENT 'и°ғеәҰеҗҚз§°',
  `trigger_name` varchar(200) CHARACTER SET utf8mb4 COLLATE utf8mb4_0900_ai_ci NOT NULL COMMENT 'и§ҰеҸ‘еҷЁзҡ„еҗҚеӯ—',
  `trigger_group` varchar(200) CHARACTER SET utf8mb4 COLLATE utf8mb4_0900_ai_ci NOT NULL COMMENT 'и§ҰеҸ‘еҷЁжүҖеұһз»„зҡ„еҗҚеӯ—',
  `job_name` varchar(200) CHARACTER SET utf8mb4 COLLATE utf8mb4_0900_ai_ci NOT NULL COMMENT 'qrtz_job_detailsиЎЁjob_nameзҡ„еӨ–й”®',
  `job_group` varchar(200) CHARACTER SET utf8mb4 COLLATE utf8mb4_0900_ai_ci NOT NULL COMMENT 'qrtz_job_detailsиЎЁjob_groupзҡ„еӨ–й”®',
  `description` varchar(250) CHARACTER SET utf8mb4 COLLATE utf8mb4_0900_ai_ci NULL DEFAULT NULL COMMENT 'зӣёе…ід»Ӣз»Қ',
  `next_fire_time` bigint NULL DEFAULT NULL COMMENT 'дёҠдёҖж¬Ўи§ҰеҸ‘ж—¶й—ҙпјҲжҜ«з§’пјү',
  `prev_fire_time` bigint NULL DEFAULT NULL COMMENT 'дёӢдёҖж¬Ўи§ҰеҸ‘ж—¶й—ҙпјҲй»ҳи®Өдёә-1иЎЁзӨәдёҚи§ҰеҸ‘пјү',
  `priority` int NULL DEFAULT NULL COMMENT 'дјҳе…Ҳзә§',
  `trigger_state` varchar(16) CHARACTER SET utf8mb4 COLLATE utf8mb4_0900_ai_ci NOT NULL COMMENT 'и§ҰеҸ‘еҷЁзҠ¶жҖҒ',
  `trigger_type` varchar(8) CHARACTER SET utf8mb4 COLLATE utf8mb4_0900_ai_ci NOT NULL COMMENT 'и§ҰеҸ‘еҷЁзҡ„зұ»еһӢ',
  `start_time` bigint NOT NULL COMMENT 'ејҖе§Ӣж—¶й—ҙ',
  `end_time` bigint NULL DEFAULT NULL COMMENT 'з»“жқҹж—¶й—ҙ',
  `calendar_name` varchar(200) CHARACTER SET utf8mb4 COLLATE utf8mb4_0900_ai_ci NULL DEFAULT NULL COMMENT 'ж—ҘзЁӢиЎЁеҗҚз§°',
  `misfire_instr` smallint NULL DEFAULT NULL COMMENT 'иЎҘеҒҝжү§иЎҢзҡ„зӯ–з•Ҙ',
  `job_data` blob NULL COMMENT 'еӯҳж”ҫжҢҒд№…еҢ–jobеҜ№иұЎ',
  PRIMARY KEY (`sched_name`, `trigger_name`, `trigger_group`) USING BTREE,
  INDEX `sched_name`(`sched_name` ASC, `job_name` ASC, `job_group` ASC) USING BTREE,
  CONSTRAINT `qrtz_triggers_ibfk_1` FOREIGN KEY (`sched_name`, `job_name`, `job_group`) REFERENCES `qrtz_job_details` (`sched_name`, `job_name`, `job_group`) ON DELETE RESTRICT ON UPDATE RESTRICT
) ENGINE = InnoDB CHARACTER SET = utf8mb4 COLLATE = utf8mb4_0900_ai_ci COMMENT = 'и§ҰеҸ‘еҷЁиҜҰз»ҶдҝЎжҒҜиЎЁ' ROW_FORMAT = DYNAMIC;

-- ----------------------------
-- Records of qrtz_triggers
-- ----------------------------

-- ----------------------------
-- Table structure for repair_task
-- ----------------------------
DROP TABLE IF EXISTS `repair_task`;
CREATE TABLE `repair_task`  (
  `task_id` bigint NOT NULL AUTO_INCREMENT COMMENT 'дё»й”®',
  `task_no` varchar(40) CHARACTER SET utf8mb4 COLLATE utf8mb4_0900_ai_ci NOT NULL COMMENT 'д»»еҠЎзј–еҸ·',
  `user_id` bigint NOT NULL COMMENT 'жҸҗдәӨз”ЁжҲ·ID',
  `user_name` varchar(64) CHARACTER SET utf8mb4 COLLATE utf8mb4_0900_ai_ci NOT NULL COMMENT 'жҸҗдәӨз”ЁжҲ·еҗҚ',
  `repair_mode` varchar(20) CHARACTER SET utf8mb4 COLLATE utf8mb4_0900_ai_ci NOT NULL COMMENT 'дҝ®еӨҚжЁЎејҸ AI/MANUAL',
  `source_type` varchar(20) CHARACTER SET utf8mb4 COLLATE utf8mb4_0900_ai_ci NOT NULL COMMENT 'жәҗж–Үд»¶зұ»еһӢ IMAGE/VIDEO',
  `source_urls` text CHARACTER SET utf8mb4 COLLATE utf8mb4_0900_ai_ci NOT NULL COMMENT 'еҺҹж–Үд»¶ең°еқҖпјҲйҖ—еҸ·еҲҶйҡ”пјү',
  `result_urls` text CHARACTER SET utf8mb4 COLLATE utf8mb4_0900_ai_ci NULL COMMENT 'з»“жһңж–Үд»¶ең°еқҖпјҲйҖ—еҸ·еҲҶйҡ”пјү',
  `result_video_url` varchar(500) CHARACTER SET utf8mb4 COLLATE utf8mb4_0900_ai_ci NULL DEFAULT NULL COMMENT 'з»“жһңи§Ҷйў‘ең°еқҖпјҲжңҖй•ҝ5sзҹӯи§Ҷйў‘пјү',
  `status` varchar(30) CHARACTER SET utf8mb4 COLLATE utf8mb4_0900_ai_ci NOT NULL COMMENT 'зҠ¶жҖҒ',
  `progress` int NOT NULL DEFAULT 0 COMMENT 'иҝӣеәҰ',
  `student_id` bigint NULL DEFAULT NULL COMMENT 'еӯҰз”ҹID',
  `student_name` varchar(64) CHARACTER SET utf8mb4 COLLATE utf8mb4_0900_ai_ci NULL DEFAULT NULL COMMENT 'еӯҰз”ҹз”ЁжҲ·еҗҚ',
  `error_message` varchar(500) CHARACTER SET utf8mb4 COLLATE utf8mb4_0900_ai_ci NULL DEFAULT NULL COMMENT 'й”ҷиҜҜдҝЎжҒҜ',
  `finished_time` datetime NULL DEFAULT NULL COMMENT 'е®ҢжҲҗж—¶й—ҙ',
  `remark` varchar(500) CHARACTER SET utf8mb4 COLLATE utf8mb4_0900_ai_ci NULL DEFAULT NULL COMMENT 'еӨҮжіЁ',
  `create_by` varchar(64) CHARACTER SET utf8mb4 COLLATE utf8mb4_0900_ai_ci NULL DEFAULT NULL,
  `create_time` datetime NOT NULL DEFAULT CURRENT_TIMESTAMP,
  `update_by` varchar(64) CHARACTER SET utf8mb4 COLLATE utf8mb4_0900_ai_ci NULL DEFAULT NULL,
  `update_time` datetime NULL DEFAULT NULL,
  PRIMARY KEY (`task_id`) USING BTREE,
  UNIQUE INDEX `uk_task_no`(`task_no` ASC) USING BTREE,
  INDEX `idx_user_status`(`user_id` ASC, `status` ASC) USING BTREE,
  INDEX `idx_mode_status`(`repair_mode` ASC, `status` ASC) USING BTREE,
  INDEX `idx_student_status`(`student_id` ASC, `status` ASC) USING BTREE,
  INDEX `idx_create_time`(`create_time` ASC) USING BTREE
) ENGINE = InnoDB AUTO_INCREMENT = 5 CHARACTER SET = utf8mb4 COLLATE = utf8mb4_0900_ai_ci COMMENT = 'зӨҫеҢәеҝ—ж„ҝжңҚеҠЎд»»еҠЎиЎЁ' ROW_FORMAT = DYNAMIC;

-- ----------------------------
-- Records of repair_task
-- ----------------------------
INSERT INTO `repair_task` VALUES (1, 'EQSY17745898105985262', 1, 'admin', 'MANUAL', 'IMAGE', '/profile/upload/2026/03/27/7HvSit0sOvI4e9643da1af0f40efc46ed97d06f1640f_20260327133650A001.jpg', '/profile/upload/2026/03/27/65e92fc3dca8ccb5120009a9_20260327133836A002.jpg', NULL, 'COMPLETED', 100, 1, 'admin', NULL, '2026-03-27 13:38:40', '123', 'admin', '2026-03-27 13:36:50', 'admin', '2026-03-27 13:38:39');
INSERT INTO `repair_task` VALUES (2, 'EQSY17752045597921220', 1, 'admin', 'MANUAL', 'IMAGE', '/profile/upload/2026/04/03/Mr0na5I1BXCm39d99a6f47f96afc2cbc50121125a64e_20260403162239A001.png', NULL, NULL, 'WAIT_STUDENT', 5, NULL, NULL, NULL, NULL, '', 'admin', '2026-04-03 16:22:39', NULL, NULL);
INSERT INTO `repair_task` VALUES (3, 'EQSY17756123681985250', 100, 'wx_oOaFD3b13JBeJFcZ4Dah', 'MANUAL', 'IMAGE', '/profile/upload/2026/04/08/iggV6uqCQBMy221d3508e2f50650ea24eed7b5f02615_20260408093928A001.jpg', NULL, NULL, 'WAIT_STUDENT', 5, NULL, NULL, NULL, NULL, '', 'wx_oOaFD3b13JBeJFcZ4Dah', '2026-04-08 09:39:28', NULL, NULL);
INSERT INTO `repair_task` VALUES (4, 'EQSY17756124328416704', 100, 'wx_oOaFD3b13JBeJFcZ4Dah', 'MANUAL', 'IMAGE', '/profile/upload/2026/04/08/DHfiPVTvIxBl39d99a6f47f96afc2cbc50121125a64e_20260408094032A002.png', NULL, NULL, 'WAIT_STUDENT', 5, NULL, NULL, NULL, NULL, '', 'wx_oOaFD3b13JBeJFcZ4Dah', '2026-04-08 09:40:32', NULL, NULL);

-- ----------------------------
-- Table structure for sys_config
-- ----------------------------
DROP TABLE IF EXISTS `sys_config`;
CREATE TABLE `sys_config`  (
  `config_id` int NOT NULL AUTO_INCREMENT COMMENT 'еҸӮж•°дё»й”®',
  `config_name` varchar(100) CHARACTER SET utf8mb4 COLLATE utf8mb4_0900_ai_ci NULL DEFAULT '' COMMENT 'еҸӮж•°еҗҚз§°',
  `config_key` varchar(100) CHARACTER SET utf8mb4 COLLATE utf8mb4_0900_ai_ci NULL DEFAULT '' COMMENT 'еҸӮж•°й”®еҗҚ',
  `config_value` varchar(500) CHARACTER SET utf8mb4 COLLATE utf8mb4_0900_ai_ci NULL DEFAULT '' COMMENT 'еҸӮж•°й”®еҖј',
  `config_type` char(1) CHARACTER SET utf8mb4 COLLATE utf8mb4_0900_ai_ci NULL DEFAULT 'N' COMMENT 'зі»з»ҹеҶ…зҪ®пјҲYжҳҜ NеҗҰпјү',
  `create_by` varchar(64) CHARACTER SET utf8mb4 COLLATE utf8mb4_0900_ai_ci NULL DEFAULT '' COMMENT 'еҲӣе»әиҖ…',
  `create_time` datetime NULL DEFAULT NULL COMMENT 'еҲӣе»әж—¶й—ҙ',
  `update_by` varchar(64) CHARACTER SET utf8mb4 COLLATE utf8mb4_0900_ai_ci NULL DEFAULT '' COMMENT 'жӣҙж–°иҖ…',
  `update_time` datetime NULL DEFAULT NULL COMMENT 'жӣҙж–°ж—¶й—ҙ',
  `remark` varchar(500) CHARACTER SET utf8mb4 COLLATE utf8mb4_0900_ai_ci NULL DEFAULT NULL COMMENT 'еӨҮжіЁ',
  PRIMARY KEY (`config_id`) USING BTREE
) ENGINE = InnoDB AUTO_INCREMENT = 102 CHARACTER SET = utf8mb4 COLLATE = utf8mb4_0900_ai_ci COMMENT = 'еҸӮж•°й…ҚзҪ®иЎЁ' ROW_FORMAT = DYNAMIC;

-- ----------------------------
-- Records of sys_config
-- ----------------------------
INSERT INTO `sys_config` VALUES (1, 'дё»жЎҶжһ¶йЎө-й»ҳи®Өзҡ®иӮӨж ·ејҸеҗҚз§°', 'sys.index.skinName', 'skin-blue', 'Y', 'admin', '2026-03-15 12:49:47', '', NULL, 'и“қиүІ skin-blueгҖҒз»ҝиүІ skin-greenгҖҒзҙ«иүІ skin-purpleгҖҒзәўиүІ skin-redгҖҒй»„иүІ skin-yellow');
INSERT INTO `sys_config` VALUES (2, 'з”ЁжҲ·з®ЎзҗҶ-иҙҰеҸ·еҲқе§ӢеҜҶз Ғ', 'sys.user.initPassword', '123456', 'Y', 'admin', '2026-03-15 12:49:47', '', NULL, 'еҲқе§ӢеҢ–еҜҶз Ғ 123456');
INSERT INTO `sys_config` VALUES (3, 'дё»жЎҶжһ¶йЎө-дҫ§иҫ№ж Ҹдё»йўҳ', 'sys.index.sideTheme', 'theme-dark', 'Y', 'admin', '2026-03-15 12:49:47', '', NULL, 'ж·ұиүІдё»йўҳtheme-darkпјҢжө…иүІдё»йўҳtheme-light');
INSERT INTO `sys_config` VALUES (4, 'иҙҰеҸ·иҮӘеҠ©-йӘҢиҜҒз ҒејҖе…і', 'sys.account.captchaEnabled', 'true', 'Y', 'admin', '2026-03-15 12:49:47', '', NULL, 'жҳҜеҗҰејҖеҗҜйӘҢиҜҒз ҒеҠҹиғҪпјҲtrueејҖеҗҜпјҢfalseе…ій—ӯпјү');
INSERT INTO `sys_config` VALUES (5, 'иҙҰеҸ·иҮӘеҠ©-жҳҜеҗҰејҖеҗҜз”ЁжҲ·жіЁеҶҢеҠҹиғҪ', 'sys.account.registerUser', 'true', 'Y', 'admin', '2026-03-15 12:49:47', '', NULL, 'жҳҜеҗҰејҖеҗҜжіЁеҶҢз”ЁжҲ·еҠҹиғҪпјҲtrueејҖеҗҜпјҢfalseе…ій—ӯпјү');
INSERT INTO `sys_config` VALUES (6, 'з”ЁжҲ·зҷ»еҪ•-й»‘еҗҚеҚ•еҲ—иЎЁ', 'sys.login.blackIPList', '', 'Y', 'admin', '2026-03-15 12:49:47', '', NULL, 'и®ҫзҪ®зҷ»еҪ•IPй»‘еҗҚеҚ•йҷҗеҲ¶пјҢеӨҡдёӘеҢ№й…ҚйЎ№д»Ҙ;еҲҶйҡ”пјҢж”ҜжҢҒеҢ№й…ҚпјҲ*йҖҡй…ҚгҖҒзҪ‘ж®өпјү');
INSERT INTO `sys_config` VALUES (7, 'з”ЁжҲ·з®ЎзҗҶ-еҲқе§ӢеҜҶз Ғдҝ®ж”№зӯ–з•Ҙ', 'sys.account.initPasswordModify', '1', 'Y', 'admin', '2026-03-15 12:49:47', '', NULL, '0пјҡеҲқе§ӢеҜҶз Ғдҝ®ж”№зӯ–з•Ҙе…ій—ӯпјҢжІЎжңүд»»дҪ•жҸҗзӨәпјҢ1пјҡжҸҗйҶ’з”ЁжҲ·пјҢеҰӮжһңжңӘдҝ®ж”№еҲқе§ӢеҜҶз ҒпјҢеҲҷеңЁзҷ»еҪ•ж—¶е°ұдјҡжҸҗйҶ’дҝ®ж”№еҜҶз ҒеҜ№иҜқжЎҶ');
INSERT INTO `sys_config` VALUES (8, 'з”ЁжҲ·з®ЎзҗҶ-иҙҰеҸ·еҜҶз Ғжӣҙж–°е‘Ёжңҹ', 'sys.account.passwordValidateDays', '0', 'Y', 'admin', '2026-03-15 12:49:47', '', NULL, 'еҜҶз Ғжӣҙж–°е‘ЁжңҹпјҲеЎ«еҶҷж•°еӯ—пјҢж•°жҚ®еҲқе§ӢеҢ–еҖјдёә0дёҚйҷҗеҲ¶пјҢиӢҘдҝ®ж”№еҝ…йЎ»дёәеӨ§дәҺ0е°ҸдәҺ365зҡ„жӯЈж•ҙж•°пјүпјҢеҰӮжһңи¶…иҝҮиҝҷдёӘе‘Ёжңҹзҷ»еҪ•зі»з»ҹж—¶пјҢеҲҷеңЁзҷ»еҪ•ж—¶е°ұдјҡжҸҗйҶ’дҝ®ж”№еҜҶз ҒеҜ№иҜқжЎҶ');
INSERT INTO `sys_config` VALUES (100, 'е°ҸзЁӢеәҸзҷ»еҪ•иғҢжҷҜеӣҫ', 'eqsy.login.background', '', 'N', 'admin', '2026-03-15 12:49:54', '', NULL, 'еЎ«еҶҷе®Ңж•ҙеӣҫзүҮURLжҲ–еҗҺз«ҜеҸҜи®ҝй—®зҡ„ж–Үд»¶и·Ҝеҫ„');
INSERT INTO `sys_config` VALUES (101, 'зҪ‘йЎөз«Ҝз®ЎзҗҶе‘ҳжіЁеҶҢйӮҖиҜ·з Ғ', 'eqsy.register.adminInviteCode', 'EQSY-ADMIN-2026', 'N', 'admin', '2026-03-15 16:20:00', '', NULL, 'д»…з”ЁдәҺзҪ‘йЎөз«Ҝз®ЎзҗҶе‘ҳжіЁеҶҢпјҢеҝ—ж„ҝиҖ…з”ЁжҲ·дёҚйңҖиҰҒйӮҖиҜ·з Ғ');

-- ----------------------------
-- Table structure for sys_dept
-- ----------------------------
DROP TABLE IF EXISTS `sys_dept`;
CREATE TABLE `sys_dept`  (
  `dept_id` bigint NOT NULL AUTO_INCREMENT COMMENT 'йғЁй—Ёid',
  `parent_id` bigint NULL DEFAULT 0 COMMENT 'зҲ¶йғЁй—Ёid',
  `ancestors` varchar(50) CHARACTER SET utf8mb4 COLLATE utf8mb4_0900_ai_ci NULL DEFAULT '' COMMENT 'зҘ–зә§еҲ—иЎЁ',
  `dept_name` varchar(30) CHARACTER SET utf8mb4 COLLATE utf8mb4_0900_ai_ci NULL DEFAULT '' COMMENT 'йғЁй—ЁеҗҚз§°',
  `order_num` int NULL DEFAULT 0 COMMENT 'жҳҫзӨәйЎәеәҸ',
  `leader` varchar(20) CHARACTER SET utf8mb4 COLLATE utf8mb4_0900_ai_ci NULL DEFAULT NULL COMMENT 'иҙҹиҙЈдәә',
  `phone` varchar(11) CHARACTER SET utf8mb4 COLLATE utf8mb4_0900_ai_ci NULL DEFAULT NULL COMMENT 'иҒ”зі»з”өиҜқ',
  `email` varchar(50) CHARACTER SET utf8mb4 COLLATE utf8mb4_0900_ai_ci NULL DEFAULT NULL COMMENT 'йӮ®з®ұ',
  `status` char(1) CHARACTER SET utf8mb4 COLLATE utf8mb4_0900_ai_ci NULL DEFAULT '0' COMMENT 'йғЁй—ЁзҠ¶жҖҒпјҲ0жӯЈеёё 1еҒңз”Ёпјү',
  `del_flag` char(1) CHARACTER SET utf8mb4 COLLATE utf8mb4_0900_ai_ci NULL DEFAULT '0' COMMENT 'еҲ йҷӨж Үеҝ—пјҲ0д»ЈиЎЁеӯҳеңЁ 2д»ЈиЎЁеҲ йҷӨпјү',
  `create_by` varchar(64) CHARACTER SET utf8mb4 COLLATE utf8mb4_0900_ai_ci NULL DEFAULT '' COMMENT 'еҲӣе»әиҖ…',
  `create_time` datetime NULL DEFAULT NULL COMMENT 'еҲӣе»әж—¶й—ҙ',
  `update_by` varchar(64) CHARACTER SET utf8mb4 COLLATE utf8mb4_0900_ai_ci NULL DEFAULT '' COMMENT 'жӣҙж–°иҖ…',
  `update_time` datetime NULL DEFAULT NULL COMMENT 'жӣҙж–°ж—¶й—ҙ',
  PRIMARY KEY (`dept_id`) USING BTREE
) ENGINE = InnoDB AUTO_INCREMENT = 200 CHARACTER SET = utf8mb4 COLLATE = utf8mb4_0900_ai_ci COMMENT = 'йғЁй—ЁиЎЁ' ROW_FORMAT = DYNAMIC;

-- ----------------------------
-- Records of sys_dept
-- ----------------------------
INSERT INTO `sys_dept` VALUES (100, 0, '0', 'жұҹиӢҸзҗҶе·ҘеӯҰйҷў', 0, 'жқҺиҖҒеёҲ', '15888888888', 'jslg@edu.cn', '0', '0', 'admin', '2026-03-15 12:49:46', '', NULL);
INSERT INTO `sys_dept` VALUES (101, 100, '0,100', 'еҝ—ж„ҝжңҚеҠЎдёӯеҝғ', 1, 'жқҺдё»д»»', '15888888888', 'volunteer@jslg.edu.cn', '0', '0', 'admin', '2026-03-15 12:49:46', '', NULL);
INSERT INTO `sys_dept` VALUES (102, 100, '0,100', 'зӨҫеҢәжңҚеҠЎз«ҷ', 2, 'зҺӢз«ҷй•ҝ', '15888888888', 'community@jslg.edu.cn', '0', '0', 'admin', '2026-03-15 12:49:46', '', NULL);
INSERT INTO `sys_dept` VALUES (103, 101, '0,100,101', 'еҝ—ж„ҝиҖ…з®ЎзҗҶз»„', 1, 'йҷҲиҖҒеёҲ', '15888888888', 'volunteer@jslg.edu.cn', '0', '0', 'admin', '2026-03-15 12:49:46', '', NULL);
INSERT INTO `sys_dept` VALUES (104, 101, '0,100,101', 'жҙ»еҠЁзӯ–еҲ’з»„', 2, 'иөөиҖҒеёҲ', '15888888888', 'activity@jslg.edu.cn', '0', '0', 'admin', '2026-03-15 12:49:46', '', NULL);
INSERT INTO `sys_dept` VALUES (105, 101, '0,100,101', 'жҠҖжңҜж”ҜжҢҒз»„', 3, 'еӯҷиҖҒеёҲ', '15888888888', 'tech@jslg.edu.cn', '0', '0', 'admin', '2026-03-15 12:49:46', '', NULL);
INSERT INTO `sys_dept` VALUES (106, 101, '0,100,101', 'е®Јдј иҒ”з»ңз»„', 4, 'е‘ЁиҖҒеёҲ', '15888888888', 'media@jslg.edu.cn', '0', '0', 'admin', '2026-03-15 12:49:46', '', NULL);
INSERT INTO `sys_dept` VALUES (107, 101, '0,100,101', 'еҹ№и®ӯж•ҷеӯҰз»„', 5, 'еҗҙиҖҒеёҲ', '15888888888', 'training@jslg.edu.cn', '0', '0', 'admin', '2026-03-15 12:49:46', '', NULL);
INSERT INTO `sys_dept` VALUES (108, 102, '0,100,102', 'жӯҰиҝӣзӨҫеҢәжңҚеҠЎзӮ№', 1, 'еҲҳз»„й•ҝ', '15888888888', 'wujin@jslg.edu.cn', '0', '0', 'admin', '2026-03-15 12:49:46', '', NULL);
INSERT INTO `sys_dept` VALUES (109, 102, '0,100,102', 'ж–°еҢ—зӨҫеҢәжңҚеҠЎзӮ№', 2, 'йғ‘з»„й•ҝ', '15888888888', 'xinbei@jslg.edu.cn', '0', '0', 'admin', '2026-03-15 12:49:46', '', NULL);

-- ----------------------------
-- Table structure for sys_dict_data
-- ----------------------------
DROP TABLE IF EXISTS `sys_dict_data`;
CREATE TABLE `sys_dict_data`  (
  `dict_code` bigint NOT NULL AUTO_INCREMENT COMMENT 'еӯ—е…ёзј–з Ғ',
  `dict_sort` int NULL DEFAULT 0 COMMENT 'еӯ—е…ёжҺ’еәҸ',
  `dict_label` varchar(100) CHARACTER SET utf8mb4 COLLATE utf8mb4_0900_ai_ci NULL DEFAULT '' COMMENT 'еӯ—е…ёж Үзӯҫ',
  `dict_value` varchar(100) CHARACTER SET utf8mb4 COLLATE utf8mb4_0900_ai_ci NULL DEFAULT '' COMMENT 'еӯ—е…ёй”®еҖј',
  `dict_type` varchar(100) CHARACTER SET utf8mb4 COLLATE utf8mb4_0900_ai_ci NULL DEFAULT '' COMMENT 'еӯ—е…ёзұ»еһӢ',
  `css_class` varchar(100) CHARACTER SET utf8mb4 COLLATE utf8mb4_0900_ai_ci NULL DEFAULT NULL COMMENT 'ж ·ејҸеұһжҖ§пјҲе…¶д»–ж ·ејҸжү©еұ•пјү',
  `list_class` varchar(100) CHARACTER SET utf8mb4 COLLATE utf8mb4_0900_ai_ci NULL DEFAULT NULL COMMENT 'иЎЁж јеӣһжҳҫж ·ејҸ',
  `is_default` char(1) CHARACTER SET utf8mb4 COLLATE utf8mb4_0900_ai_ci NULL DEFAULT 'N' COMMENT 'жҳҜеҗҰй»ҳи®ӨпјҲYжҳҜ NеҗҰпјү',
  `status` char(1) CHARACTER SET utf8mb4 COLLATE utf8mb4_0900_ai_ci NULL DEFAULT '0' COMMENT 'зҠ¶жҖҒпјҲ0жӯЈеёё 1еҒңз”Ёпјү',
  `create_by` varchar(64) CHARACTER SET utf8mb4 COLLATE utf8mb4_0900_ai_ci NULL DEFAULT '' COMMENT 'еҲӣе»әиҖ…',
  `create_time` datetime NULL DEFAULT NULL COMMENT 'еҲӣе»әж—¶й—ҙ',
  `update_by` varchar(64) CHARACTER SET utf8mb4 COLLATE utf8mb4_0900_ai_ci NULL DEFAULT '' COMMENT 'жӣҙж–°иҖ…',
  `update_time` datetime NULL DEFAULT NULL COMMENT 'жӣҙж–°ж—¶й—ҙ',
  `remark` varchar(500) CHARACTER SET utf8mb4 COLLATE utf8mb4_0900_ai_ci NULL DEFAULT NULL COMMENT 'еӨҮжіЁ',
  PRIMARY KEY (`dict_code`) USING BTREE
) ENGINE = InnoDB AUTO_INCREMENT = 100 CHARACTER SET = utf8mb4 COLLATE = utf8mb4_0900_ai_ci COMMENT = 'еӯ—е…ёж•°жҚ®иЎЁ' ROW_FORMAT = DYNAMIC;

-- ----------------------------
-- Records of sys_dict_data
-- ----------------------------
INSERT INTO `sys_dict_data` VALUES (1, 1, 'з”·', '0', 'sys_user_sex', '', '', 'Y', '0', 'admin', '2026-03-15 12:49:47', '', NULL, 'жҖ§еҲ«з”·');
INSERT INTO `sys_dict_data` VALUES (2, 2, 'еҘі', '1', 'sys_user_sex', '', '', 'N', '0', 'admin', '2026-03-15 12:49:47', '', NULL, 'жҖ§еҲ«еҘі');
INSERT INTO `sys_dict_data` VALUES (3, 3, 'жңӘзҹҘ', '2', 'sys_user_sex', '', '', 'N', '0', 'admin', '2026-03-15 12:49:47', '', NULL, 'жҖ§еҲ«жңӘзҹҘ');
INSERT INTO `sys_dict_data` VALUES (4, 1, 'жҳҫзӨә', '0', 'sys_show_hide', '', 'primary', 'Y', '0', 'admin', '2026-03-15 12:49:47', '', NULL, 'жҳҫзӨәиҸңеҚ•');
INSERT INTO `sys_dict_data` VALUES (5, 2, 'йҡҗи—Ҹ', '1', 'sys_show_hide', '', 'danger', 'N', '0', 'admin', '2026-03-15 12:49:47', '', NULL, 'йҡҗи—ҸиҸңеҚ•');
INSERT INTO `sys_dict_data` VALUES (6, 1, 'жӯЈеёё', '0', 'sys_normal_disable', '', 'primary', 'Y', '0', 'admin', '2026-03-15 12:49:47', '', NULL, 'жӯЈеёёзҠ¶жҖҒ');
INSERT INTO `sys_dict_data` VALUES (7, 2, 'еҒңз”Ё', '1', 'sys_normal_disable', '', 'danger', 'N', '0', 'admin', '2026-03-15 12:49:47', '', NULL, 'еҒңз”ЁзҠ¶жҖҒ');
INSERT INTO `sys_dict_data` VALUES (8, 1, 'жӯЈеёё', '0', 'sys_job_status', '', 'primary', 'Y', '0', 'admin', '2026-03-15 12:49:47', '', NULL, 'жӯЈеёёзҠ¶жҖҒ');
INSERT INTO `sys_dict_data` VALUES (9, 2, 'жҡӮеҒң', '1', 'sys_job_status', '', 'danger', 'N', '0', 'admin', '2026-03-15 12:49:47', '', NULL, 'еҒңз”ЁзҠ¶жҖҒ');
INSERT INTO `sys_dict_data` VALUES (10, 1, 'й»ҳи®Ө', 'DEFAULT', 'sys_job_group', '', '', 'Y', '0', 'admin', '2026-03-15 12:49:47', '', NULL, 'й»ҳи®ӨеҲҶз»„');
INSERT INTO `sys_dict_data` VALUES (11, 2, 'зі»з»ҹ', 'SYSTEM', 'sys_job_group', '', '', 'N', '0', 'admin', '2026-03-15 12:49:47', '', NULL, 'зі»з»ҹеҲҶз»„');
INSERT INTO `sys_dict_data` VALUES (12, 1, 'жҳҜ', 'Y', 'sys_yes_no', '', 'primary', 'Y', '0', 'admin', '2026-03-15 12:49:47', '', NULL, 'зі»з»ҹй»ҳи®ӨжҳҜ');
INSERT INTO `sys_dict_data` VALUES (13, 2, 'еҗҰ', 'N', 'sys_yes_no', '', 'danger', 'N', '0', 'admin', '2026-03-15 12:49:47', '', NULL, 'зі»з»ҹй»ҳи®ӨеҗҰ');
INSERT INTO `sys_dict_data` VALUES (14, 1, 'йҖҡзҹҘ', '1', 'sys_notice_type', '', 'warning', 'Y', '0', 'admin', '2026-03-15 12:49:47', '', NULL, 'йҖҡзҹҘ');
INSERT INTO `sys_dict_data` VALUES (15, 2, 'е…¬е‘Ҡ', '2', 'sys_notice_type', '', 'success', 'N', '0', 'admin', '2026-03-15 12:49:47', '', NULL, 'е…¬е‘Ҡ');
INSERT INTO `sys_dict_data` VALUES (16, 1, 'жӯЈеёё', '0', 'sys_notice_status', '', 'primary', 'Y', '0', 'admin', '2026-03-15 12:49:47', '', NULL, 'жӯЈеёёзҠ¶жҖҒ');
INSERT INTO `sys_dict_data` VALUES (17, 2, 'е…ій—ӯ', '1', 'sys_notice_status', '', 'danger', 'N', '0', 'admin', '2026-03-15 12:49:47', '', NULL, 'е…ій—ӯзҠ¶жҖҒ');
INSERT INTO `sys_dict_data` VALUES (18, 99, 'е…¶д»–', '0', 'sys_oper_type', '', 'info', 'N', '0', 'admin', '2026-03-15 12:49:47', '', NULL, 'е…¶д»–ж“ҚдҪң');
INSERT INTO `sys_dict_data` VALUES (19, 1, 'ж–°еўһ', '1', 'sys_oper_type', '', 'info', 'N', '0', 'admin', '2026-03-15 12:49:47', '', NULL, 'ж–°еўһж“ҚдҪң');
INSERT INTO `sys_dict_data` VALUES (20, 2, 'дҝ®ж”№', '2', 'sys_oper_type', '', 'info', 'N', '0', 'admin', '2026-03-15 12:49:47', '', NULL, 'дҝ®ж”№ж“ҚдҪң');
INSERT INTO `sys_dict_data` VALUES (21, 3, 'еҲ йҷӨ', '3', 'sys_oper_type', '', 'danger', 'N', '0', 'admin', '2026-03-15 12:49:47', '', NULL, 'еҲ йҷӨж“ҚдҪң');
INSERT INTO `sys_dict_data` VALUES (22, 4, 'жҺҲжқғ', '4', 'sys_oper_type', '', 'primary', 'N', '0', 'admin', '2026-03-15 12:49:47', '', NULL, 'жҺҲжқғж“ҚдҪң');
INSERT INTO `sys_dict_data` VALUES (23, 5, 'еҜјеҮә', '5', 'sys_oper_type', '', 'warning', 'N', '0', 'admin', '2026-03-15 12:49:47', '', NULL, 'еҜјеҮәж“ҚдҪң');
INSERT INTO `sys_dict_data` VALUES (24, 6, 'еҜје…Ҙ', '6', 'sys_oper_type', '', 'warning', 'N', '0', 'admin', '2026-03-15 12:49:47', '', NULL, 'еҜје…Ҙж“ҚдҪң');
INSERT INTO `sys_dict_data` VALUES (25, 7, 'ејәйҖҖ', '7', 'sys_oper_type', '', 'danger', 'N', '0', 'admin', '2026-03-15 12:49:47', '', NULL, 'ејәйҖҖж“ҚдҪң');
INSERT INTO `sys_dict_data` VALUES (26, 8, 'з”ҹжҲҗд»Јз Ғ', '8', 'sys_oper_type', '', 'warning', 'N', '0', 'admin', '2026-03-15 12:49:47', '', NULL, 'з”ҹжҲҗж“ҚдҪң');
INSERT INTO `sys_dict_data` VALUES (27, 9, 'жё…з©әж•°жҚ®', '9', 'sys_oper_type', '', 'danger', 'N', '0', 'admin', '2026-03-15 12:49:47', '', NULL, 'жё…з©әж“ҚдҪң');
INSERT INTO `sys_dict_data` VALUES (28, 1, 'жҲҗеҠҹ', '0', 'sys_common_status', '', 'primary', 'N', '0', 'admin', '2026-03-15 12:49:47', '', NULL, 'жӯЈеёёзҠ¶жҖҒ');
INSERT INTO `sys_dict_data` VALUES (29, 2, 'еӨұиҙҘ', '1', 'sys_common_status', '', 'danger', 'N', '0', 'admin', '2026-03-15 12:49:47', '', NULL, 'еҒңз”ЁзҠ¶жҖҒ');

-- ----------------------------
-- Table structure for sys_dict_type
-- ----------------------------
DROP TABLE IF EXISTS `sys_dict_type`;
CREATE TABLE `sys_dict_type`  (
  `dict_id` bigint NOT NULL AUTO_INCREMENT COMMENT 'еӯ—е…ёдё»й”®',
  `dict_name` varchar(100) CHARACTER SET utf8mb4 COLLATE utf8mb4_0900_ai_ci NULL DEFAULT '' COMMENT 'еӯ—е…ёеҗҚз§°',
  `dict_type` varchar(100) CHARACTER SET utf8mb4 COLLATE utf8mb4_0900_ai_ci NULL DEFAULT '' COMMENT 'еӯ—е…ёзұ»еһӢ',
  `status` char(1) CHARACTER SET utf8mb4 COLLATE utf8mb4_0900_ai_ci NULL DEFAULT '0' COMMENT 'зҠ¶жҖҒпјҲ0жӯЈеёё 1еҒңз”Ёпјү',
  `create_by` varchar(64) CHARACTER SET utf8mb4 COLLATE utf8mb4_0900_ai_ci NULL DEFAULT '' COMMENT 'еҲӣе»әиҖ…',
  `create_time` datetime NULL DEFAULT NULL COMMENT 'еҲӣе»әж—¶й—ҙ',
  `update_by` varchar(64) CHARACTER SET utf8mb4 COLLATE utf8mb4_0900_ai_ci NULL DEFAULT '' COMMENT 'жӣҙж–°иҖ…',
  `update_time` datetime NULL DEFAULT NULL COMMENT 'жӣҙж–°ж—¶й—ҙ',
  `remark` varchar(500) CHARACTER SET utf8mb4 COLLATE utf8mb4_0900_ai_ci NULL DEFAULT NULL COMMENT 'еӨҮжіЁ',
  PRIMARY KEY (`dict_id`) USING BTREE,
  UNIQUE INDEX `dict_type`(`dict_type` ASC) USING BTREE
) ENGINE = InnoDB AUTO_INCREMENT = 100 CHARACTER SET = utf8mb4 COLLATE = utf8mb4_0900_ai_ci COMMENT = 'еӯ—е…ёзұ»еһӢиЎЁ' ROW_FORMAT = DYNAMIC;

-- ----------------------------
-- Records of sys_dict_type
-- ----------------------------
INSERT INTO `sys_dict_type` VALUES (1, 'з”ЁжҲ·жҖ§еҲ«', 'sys_user_sex', '0', 'admin', '2026-03-15 12:49:47', '', NULL, 'з”ЁжҲ·жҖ§еҲ«еҲ—иЎЁ');
INSERT INTO `sys_dict_type` VALUES (2, 'иҸңеҚ•зҠ¶жҖҒ', 'sys_show_hide', '0', 'admin', '2026-03-15 12:49:47', '', NULL, 'иҸңеҚ•зҠ¶жҖҒеҲ—иЎЁ');
INSERT INTO `sys_dict_type` VALUES (3, 'зі»з»ҹејҖе…і', 'sys_normal_disable', '0', 'admin', '2026-03-15 12:49:47', '', NULL, 'зі»з»ҹејҖе…іеҲ—иЎЁ');
INSERT INTO `sys_dict_type` VALUES (4, 'д»»еҠЎзҠ¶жҖҒ', 'sys_job_status', '0', 'admin', '2026-03-15 12:49:47', '', NULL, 'д»»еҠЎзҠ¶жҖҒеҲ—иЎЁ');
INSERT INTO `sys_dict_type` VALUES (5, 'д»»еҠЎеҲҶз»„', 'sys_job_group', '0', 'admin', '2026-03-15 12:49:47', '', NULL, 'д»»еҠЎеҲҶз»„еҲ—иЎЁ');
INSERT INTO `sys_dict_type` VALUES (6, 'зі»з»ҹжҳҜеҗҰ', 'sys_yes_no', '0', 'admin', '2026-03-15 12:49:47', '', NULL, 'зі»з»ҹжҳҜеҗҰеҲ—иЎЁ');
INSERT INTO `sys_dict_type` VALUES (7, 'йҖҡзҹҘзұ»еһӢ', 'sys_notice_type', '0', 'admin', '2026-03-15 12:49:47', '', NULL, 'йҖҡзҹҘзұ»еһӢеҲ—иЎЁ');
INSERT INTO `sys_dict_type` VALUES (8, 'йҖҡзҹҘзҠ¶жҖҒ', 'sys_notice_status', '0', 'admin', '2026-03-15 12:49:47', '', NULL, 'йҖҡзҹҘзҠ¶жҖҒеҲ—иЎЁ');
INSERT INTO `sys_dict_type` VALUES (9, 'ж“ҚдҪңзұ»еһӢ', 'sys_oper_type', '0', 'admin', '2026-03-15 12:49:47', '', NULL, 'ж“ҚдҪңзұ»еһӢеҲ—иЎЁ');
INSERT INTO `sys_dict_type` VALUES (10, 'зі»з»ҹзҠ¶жҖҒ', 'sys_common_status', '0', 'admin', '2026-03-15 12:49:47', '', NULL, 'зҷ»еҪ•зҠ¶жҖҒеҲ—иЎЁ');

-- ----------------------------
-- Table structure for sys_job
-- ----------------------------
DROP TABLE IF EXISTS `sys_job`;
CREATE TABLE `sys_job`  (
  `job_id` bigint NOT NULL AUTO_INCREMENT COMMENT 'д»»еҠЎID',
  `job_name` varchar(64) CHARACTER SET utf8mb4 COLLATE utf8mb4_0900_ai_ci NOT NULL DEFAULT '' COMMENT 'д»»еҠЎеҗҚз§°',
  `job_group` varchar(64) CHARACTER SET utf8mb4 COLLATE utf8mb4_0900_ai_ci NOT NULL DEFAULT 'DEFAULT' COMMENT 'д»»еҠЎз»„еҗҚ',
  `invoke_target` varchar(500) CHARACTER SET utf8mb4 COLLATE utf8mb4_0900_ai_ci NOT NULL COMMENT 'и°ғз”Ёзӣ®ж Үеӯ—з¬ҰдёІ',
  `cron_expression` varchar(255) CHARACTER SET utf8mb4 COLLATE utf8mb4_0900_ai_ci NULL DEFAULT '' COMMENT 'cronжү§иЎҢиЎЁиҫҫејҸ',
  `misfire_policy` varchar(20) CHARACTER SET utf8mb4 COLLATE utf8mb4_0900_ai_ci NULL DEFAULT '3' COMMENT 'и®ЎеҲ’жү§иЎҢй”ҷиҜҜзӯ–з•ҘпјҲ1з«ӢеҚіжү§иЎҢ 2жү§иЎҢдёҖж¬Ў 3ж”ҫејғжү§иЎҢпјү',
  `concurrent` char(1) CHARACTER SET utf8mb4 COLLATE utf8mb4_0900_ai_ci NULL DEFAULT '1' COMMENT 'жҳҜеҗҰе№¶еҸ‘жү§иЎҢпјҲ0е…Ғи®ё 1зҰҒжӯўпјү',
  `status` char(1) CHARACTER SET utf8mb4 COLLATE utf8mb4_0900_ai_ci NULL DEFAULT '0' COMMENT 'зҠ¶жҖҒпјҲ0жӯЈеёё 1жҡӮеҒңпјү',
  `create_by` varchar(64) CHARACTER SET utf8mb4 COLLATE utf8mb4_0900_ai_ci NULL DEFAULT '' COMMENT 'еҲӣе»әиҖ…',
  `create_time` datetime NULL DEFAULT NULL COMMENT 'еҲӣе»әж—¶й—ҙ',
  `update_by` varchar(64) CHARACTER SET utf8mb4 COLLATE utf8mb4_0900_ai_ci NULL DEFAULT '' COMMENT 'жӣҙж–°иҖ…',
  `update_time` datetime NULL DEFAULT NULL COMMENT 'жӣҙж–°ж—¶й—ҙ',
  `remark` varchar(500) CHARACTER SET utf8mb4 COLLATE utf8mb4_0900_ai_ci NULL DEFAULT '' COMMENT 'еӨҮжіЁдҝЎжҒҜ',
  PRIMARY KEY (`job_id`, `job_name`, `job_group`) USING BTREE
) ENGINE = InnoDB AUTO_INCREMENT = 101 CHARACTER SET = utf8mb4 COLLATE = utf8mb4_0900_ai_ci COMMENT = 'е®ҡж—¶д»»еҠЎи°ғеәҰиЎЁ' ROW_FORMAT = DYNAMIC;

-- ----------------------------
-- Records of sys_job
-- ----------------------------
INSERT INTO `sys_job` VALUES (1, 'зі»з»ҹй»ҳи®ӨпјҲж— еҸӮпјү', 'DEFAULT', 'ryTask.ryNoParams', '0/10 * * * * ?', '3', '1', '1', 'admin', '2026-03-15 12:49:47', '', NULL, '');
INSERT INTO `sys_job` VALUES (2, 'зі»з»ҹй»ҳи®ӨпјҲжңүеҸӮпјү', 'DEFAULT', 'ryTask.ryParams(\'ry\')', '0/15 * * * * ?', '3', '1', '1', 'admin', '2026-03-15 12:49:47', '', NULL, '');
INSERT INTO `sys_job` VALUES (3, 'зі»з»ҹй»ҳи®ӨпјҲеӨҡеҸӮпјү', 'DEFAULT', 'ryTask.ryMultipleParams(\'ry\', true, 2000L, 316.50D, 100)', '0/20 * * * * ?', '3', '1', '1', 'admin', '2026-03-15 12:49:47', '', NULL, '');
INSERT INTO `sys_job` VALUES (100, 'дёҠдј дёҙж—¶ж–Үд»¶жё…зҗҶ', 'DEFAULT', 'repairFileCleanupTask.cleanUploadTempFiles(\'48\')', '0 0 3 * * ?', '3', '1', '1', 'admin', '2026-04-13 15:20:16', '', NULL, 'жҜҸеӨ©03:00жё…зҗҶupload/tempдёӯиҝҮжңҹдё”жңӘиў«д»»еҠЎеј•з”Ёзҡ„ж–Үд»¶пјҲй»ҳи®ӨжҡӮеҒңпјү');

-- ----------------------------
-- Table structure for sys_job_log
-- ----------------------------
DROP TABLE IF EXISTS `sys_job_log`;
CREATE TABLE `sys_job_log`  (
  `job_log_id` bigint NOT NULL AUTO_INCREMENT COMMENT 'д»»еҠЎж—Ҙеҝ—ID',
  `job_name` varchar(64) CHARACTER SET utf8mb4 COLLATE utf8mb4_0900_ai_ci NOT NULL COMMENT 'д»»еҠЎеҗҚз§°',
  `job_group` varchar(64) CHARACTER SET utf8mb4 COLLATE utf8mb4_0900_ai_ci NOT NULL COMMENT 'д»»еҠЎз»„еҗҚ',
  `invoke_target` varchar(500) CHARACTER SET utf8mb4 COLLATE utf8mb4_0900_ai_ci NOT NULL COMMENT 'и°ғз”Ёзӣ®ж Үеӯ—з¬ҰдёІ',
  `job_message` varchar(500) CHARACTER SET utf8mb4 COLLATE utf8mb4_0900_ai_ci NULL DEFAULT NULL COMMENT 'ж—Ҙеҝ—дҝЎжҒҜ',
  `status` char(1) CHARACTER SET utf8mb4 COLLATE utf8mb4_0900_ai_ci NULL DEFAULT '0' COMMENT 'жү§иЎҢзҠ¶жҖҒпјҲ0жӯЈеёё 1еӨұиҙҘпјү',
  `exception_info` varchar(2000) CHARACTER SET utf8mb4 COLLATE utf8mb4_0900_ai_ci NULL DEFAULT '' COMMENT 'ејӮеёёдҝЎжҒҜ',
  `create_time` datetime NULL DEFAULT NULL COMMENT 'еҲӣе»әж—¶й—ҙ',
  PRIMARY KEY (`job_log_id`) USING BTREE
) ENGINE = InnoDB CHARACTER SET = utf8mb4 COLLATE = utf8mb4_0900_ai_ci COMMENT = 'е®ҡж—¶д»»еҠЎи°ғеәҰж—Ҙеҝ—иЎЁ' ROW_FORMAT = DYNAMIC;

-- ----------------------------
-- Records of sys_job_log
-- ----------------------------

-- ----------------------------
-- Table structure for sys_logininfor
-- ----------------------------
DROP TABLE IF EXISTS `sys_logininfor`;
CREATE TABLE `sys_logininfor`  (
  `info_id` bigint NOT NULL AUTO_INCREMENT COMMENT 'и®ҝй—®ID',
  `user_name` varchar(50) CHARACTER SET utf8mb4 COLLATE utf8mb4_0900_ai_ci NULL DEFAULT '' COMMENT 'з”ЁжҲ·иҙҰеҸ·',
  `ipaddr` varchar(128) CHARACTER SET utf8mb4 COLLATE utf8mb4_0900_ai_ci NULL DEFAULT '' COMMENT 'зҷ»еҪ•IPең°еқҖ',
  `login_location` varchar(255) CHARACTER SET utf8mb4 COLLATE utf8mb4_0900_ai_ci NULL DEFAULT '' COMMENT 'зҷ»еҪ•ең°зӮ№',
  `browser` varchar(50) CHARACTER SET utf8mb4 COLLATE utf8mb4_0900_ai_ci NULL DEFAULT '' COMMENT 'жөҸи§ҲеҷЁзұ»еһӢ',
  `os` varchar(50) CHARACTER SET utf8mb4 COLLATE utf8mb4_0900_ai_ci NULL DEFAULT '' COMMENT 'ж“ҚдҪңзі»з»ҹ',
  `status` char(1) CHARACTER SET utf8mb4 COLLATE utf8mb4_0900_ai_ci NULL DEFAULT '0' COMMENT 'зҷ»еҪ•зҠ¶жҖҒпјҲ0жҲҗеҠҹ 1еӨұиҙҘпјү',
  `msg` varchar(255) CHARACTER SET utf8mb4 COLLATE utf8mb4_0900_ai_ci NULL DEFAULT '' COMMENT 'жҸҗзӨәж¶ҲжҒҜ',
  `login_time` datetime NULL DEFAULT NULL COMMENT 'и®ҝй—®ж—¶й—ҙ',
  PRIMARY KEY (`info_id`) USING BTREE,
  INDEX `idx_sys_logininfor_s`(`status` ASC) USING BTREE,
  INDEX `idx_sys_logininfor_lt`(`login_time` ASC) USING BTREE
) ENGINE = InnoDB AUTO_INCREMENT = 140 CHARACTER SET = utf8mb4 COLLATE = utf8mb4_0900_ai_ci COMMENT = 'зі»з»ҹи®ҝй—®и®°еҪ•' ROW_FORMAT = DYNAMIC;

-- ----------------------------
-- Records of sys_logininfor
-- ----------------------------
INSERT INTO `sys_logininfor` VALUES (100, 'admin', '127.0.0.1', 'еҶ…зҪ‘IP', 'Chrome 145', 'Windows10', '1', 'йӘҢиҜҒз Ғй”ҷиҜҜ', '2026-03-15 13:00:52');
INSERT INTO `sys_logininfor` VALUES (101, 'admin', '127.0.0.1', 'еҶ…зҪ‘IP', 'Chrome 145', 'Windows10', '0', 'зҷ»еҪ•жҲҗеҠҹ', '2026-03-15 13:00:55');
INSERT INTO `sys_logininfor` VALUES (102, 'admin', '127.0.0.1', 'еҶ…зҪ‘IP', 'Chrome 145', 'Windows10', '0', 'зҷ»еҪ•жҲҗеҠҹ', '2026-03-15 13:24:10');
INSERT INTO `sys_logininfor` VALUES (103, 'admin', '127.0.0.1', 'еҶ…зҪ‘IP', 'Chrome 145', 'Windows10', '0', 'йҖҖеҮәжҲҗеҠҹ', '2026-03-15 13:34:08');
INSERT INTO `sys_logininfor` VALUES (104, 'admin', '127.0.0.1', 'еҶ…зҪ‘IP', 'Chrome 145', 'Windows10', '0', 'зҷ»еҪ•жҲҗеҠҹ', '2026-03-15 13:34:14');
INSERT INTO `sys_logininfor` VALUES (105, 'admin', '127.0.0.1', 'еҶ…зҪ‘IP', 'WeChat 8.0.5', 'iOS 15.0', '0', 'зҷ»еҪ•жҲҗеҠҹ', '2026-03-15 14:07:35');
INSERT INTO `sys_logininfor` VALUES (106, 'admin', '127.0.0.1', 'еҶ…зҪ‘IP', 'WeChat 8.0.5', 'iOS 15.0', '1', 'йӘҢиҜҒз Ғй”ҷиҜҜ', '2026-03-15 14:20:45');
INSERT INTO `sys_logininfor` VALUES (107, 'admin', '127.0.0.1', 'еҶ…зҪ‘IP', 'WeChat 8.0.5', 'iOS 15.0', '0', 'зҷ»еҪ•жҲҗеҠҹ', '2026-03-15 14:20:53');
INSERT INTO `sys_logininfor` VALUES (108, 'admin', '127.0.0.1', 'еҶ…зҪ‘IP', 'WeChat 8.0.5', 'iOS 15.0', '0', 'зҷ»еҪ•жҲҗеҠҹ', '2026-03-17 09:12:28');
INSERT INTO `sys_logininfor` VALUES (109, 'admin', '127.0.0.1', 'еҶ…зҪ‘IP', 'WeChat 8.0.5', 'iOS 15.0', '0', 'зҷ»еҪ•жҲҗеҠҹ', '2026-03-17 09:19:42');
INSERT INTO `sys_logininfor` VALUES (110, 'admin', '127.0.0.1', 'еҶ…зҪ‘IP', 'WeChat 8.0.5', 'iOS 15.0', '0', 'зҷ»еҪ•жҲҗеҠҹ', '2026-03-17 09:25:55');
INSERT INTO `sys_logininfor` VALUES (111, 'admin', '127.0.0.1', 'еҶ…зҪ‘IP', 'WeChat 8.0.5', 'iOS 15.0', '0', 'зҷ»еҪ•жҲҗеҠҹ', '2026-03-17 09:26:39');
INSERT INTO `sys_logininfor` VALUES (112, 'admin', '127.0.0.1', 'еҶ…зҪ‘IP', 'WeChat 8.0.5', 'iOS 15.0', '0', 'зҷ»еҪ•жҲҗеҠҹ', '2026-03-17 09:30:57');
INSERT INTO `sys_logininfor` VALUES (113, 'admin', '127.0.0.1', 'еҶ…зҪ‘IP', 'WeChat 8.0.5', 'iOS 15.0', '1', 'йӘҢиҜҒз Ғе·ІеӨұж•Ҳ', '2026-03-17 09:39:57');
INSERT INTO `sys_logininfor` VALUES (114, 'admin', '127.0.0.1', 'еҶ…зҪ‘IP', 'WeChat 8.0.5', 'iOS 15.0', '0', 'зҷ»еҪ•жҲҗеҠҹ', '2026-03-17 09:40:01');
INSERT INTO `sys_logininfor` VALUES (115, 'admin', '127.0.0.1', 'еҶ…зҪ‘IP', 'WeChat 8.0.5', 'iOS 15.0', '0', 'зҷ»еҪ•жҲҗеҠҹ', '2026-03-17 09:45:09');
INSERT INTO `sys_logininfor` VALUES (116, 'admin', '127.0.0.1', 'еҶ…зҪ‘IP', 'Chrome 146', 'Windows10', '0', 'зҷ»еҪ•жҲҗеҠҹ', '2026-03-17 09:59:01');
INSERT INTO `sys_logininfor` VALUES (117, 'admin', '127.0.0.1', 'еҶ…зҪ‘IP', 'Chrome 146', 'Windows10', '0', 'зҷ»еҪ•жҲҗеҠҹ', '2026-03-27 13:32:10');
INSERT INTO `sys_logininfor` VALUES (118, 'admin', '127.0.0.1', 'еҶ…зҪ‘IP', 'WeChat 8.0.5', 'iOS 15.0', '0', 'зҷ»еҪ•жҲҗеҠҹ', '2026-03-27 13:35:46');
INSERT INTO `sys_logininfor` VALUES (119, 'admin', '127.0.0.1', 'еҶ…зҪ‘IP', 'WeChat 8.0.5', 'iOS 15.0', '0', 'зҷ»еҪ•жҲҗеҠҹ', '2026-03-27 13:41:32');
INSERT INTO `sys_logininfor` VALUES (120, 'admin', '127.0.0.1', 'еҶ…зҪ‘IP', 'WeChat 8.0.5', 'iOS 15.0', '0', 'зҷ»еҪ•жҲҗеҠҹ', '2026-04-03 16:22:25');
INSERT INTO `sys_logininfor` VALUES (121, 'admin', '127.0.0.1', 'еҶ…зҪ‘IP', 'Chrome 146', 'Windows10', '0', 'зҷ»еҪ•жҲҗеҠҹ', '2026-04-03 16:28:09');
INSERT INTO `sys_logininfor` VALUES (122, 'ry', '127.0.0.1', 'еҶ…зҪ‘IP', 'Chrome 146', 'Windows10', '0', 'йҖҖеҮәжҲҗеҠҹ', '2026-04-08 14:27:01');
INSERT INTO `sys_logininfor` VALUES (123, 'ry', '127.0.0.1', 'еҶ…зҪ‘IP', 'Chrome 146', 'Windows10', '0', 'зҷ»еҪ•жҲҗеҠҹ', '2026-04-08 14:27:03');
INSERT INTO `sys_logininfor` VALUES (124, 'ry', '127.0.0.1', 'еҶ…зҪ‘IP', 'Chrome 146', 'Windows10', '0', 'йҖҖеҮәжҲҗеҠҹ', '2026-04-08 14:27:36');
INSERT INTO `sys_logininfor` VALUES (125, 'ry', '127.0.0.1', 'еҶ…зҪ‘IP', 'Chrome 146', 'Windows10', '0', 'зҷ»еҪ•жҲҗеҠҹ', '2026-04-08 14:27:58');
INSERT INTO `sys_logininfor` VALUES (126, 'ry', '127.0.0.1', 'еҶ…зҪ‘IP', 'Chrome 146', 'Windows10', '0', 'йҖҖеҮәжҲҗеҠҹ', '2026-04-08 14:28:04');
INSERT INTO `sys_logininfor` VALUES (127, 'ry', '127.0.0.1', 'еҶ…зҪ‘IP', 'Chrome 146', 'Windows10', '0', 'зҷ»еҪ•жҲҗеҠҹ', '2026-04-08 14:28:47');
INSERT INTO `sys_logininfor` VALUES (128, 'ry', '127.0.0.1', 'еҶ…зҪ‘IP', 'Chrome 146', 'Windows10', '0', 'йҖҖеҮәжҲҗеҠҹ', '2026-04-08 14:28:56');
INSERT INTO `sys_logininfor` VALUES (129, 'admin', '127.0.0.1', 'еҶ…зҪ‘IP', 'Chrome 146', 'Windows10', '0', 'зҷ»еҪ•жҲҗеҠҹ', '2026-04-08 14:28:59');
INSERT INTO `sys_logininfor` VALUES (130, 'admin', '127.0.0.1', 'еҶ…зҪ‘IP', 'Chrome 146', 'Windows10', '0', 'йҖҖеҮәжҲҗеҠҹ', '2026-04-08 14:29:24');
INSERT INTO `sys_logininfor` VALUES (131, 'test', '127.0.0.1', 'еҶ…зҪ‘IP', 'Chrome 146', 'Windows10', '1', 'з”ЁжҲ·дёҚеӯҳеңЁ/еҜҶз Ғй”ҷиҜҜ', '2026-04-08 14:29:28');
INSERT INTO `sys_logininfor` VALUES (132, 'ry', '127.0.0.1', 'еҶ…зҪ‘IP', 'Chrome 146', 'Windows10', '0', 'зҷ»еҪ•жҲҗеҠҹ', '2026-04-08 14:29:36');
INSERT INTO `sys_logininfor` VALUES (133, 'ry', '127.0.0.1', 'еҶ…зҪ‘IP', 'Chrome 146', 'Windows10', '0', 'йҖҖеҮәжҲҗеҠҹ', '2026-04-08 14:30:26');
INSERT INTO `sys_logininfor` VALUES (134, 'admin', '127.0.0.1', 'еҶ…зҪ‘IP', 'Chrome 146', 'Windows10', '0', 'зҷ»еҪ•жҲҗеҠҹ', '2026-04-08 14:30:31');
INSERT INTO `sys_logininfor` VALUES (135, 'admin', '127.0.0.1', 'еҶ…зҪ‘IP', 'Chrome 146', 'Windows10', '0', 'йҖҖеҮәжҲҗеҠҹ', '2026-04-08 14:30:49');
INSERT INTO `sys_logininfor` VALUES (136, 'ry', '127.0.0.1', 'еҶ…зҪ‘IP', 'Chrome 146', 'Windows10', '0', 'зҷ»еҪ•жҲҗеҠҹ', '2026-04-08 14:30:57');
INSERT INTO `sys_logininfor` VALUES (137, 'wx_oOaFD3b13JBeJFcZ4Dah', '127.0.0.1', 'еҶ…зҪ‘IP', 'WeChat 8.0.5', 'iOS 15.0', '0', 'йҖҖеҮәжҲҗеҠҹ', '2026-04-08 14:47:38');
INSERT INTO `sys_logininfor` VALUES (138, 'ry', '127.0.0.1', 'еҶ…зҪ‘IP', 'Chrome 146', 'Windows10', '0', 'йҖҖеҮәжҲҗеҠҹ', '2026-04-08 15:16:04');
INSERT INTO `sys_logininfor` VALUES (139, 'admin', '127.0.0.1', 'еҶ…зҪ‘IP', 'Chrome 146', 'Windows10', '0', 'зҷ»еҪ•жҲҗеҠҹ', '2026-04-08 15:16:09');

-- ----------------------------
-- Table structure for sys_menu
-- ----------------------------
DROP TABLE IF EXISTS `sys_menu`;
CREATE TABLE `sys_menu`  (
  `menu_id` bigint NOT NULL AUTO_INCREMENT COMMENT 'иҸңеҚ•ID',
  `menu_name` varchar(50) CHARACTER SET utf8mb4 COLLATE utf8mb4_0900_ai_ci NOT NULL COMMENT 'иҸңеҚ•еҗҚз§°',
  `parent_id` bigint NULL DEFAULT 0 COMMENT 'зҲ¶иҸңеҚ•ID',
  `order_num` int NULL DEFAULT 0 COMMENT 'жҳҫзӨәйЎәеәҸ',
  `path` varchar(200) CHARACTER SET utf8mb4 COLLATE utf8mb4_0900_ai_ci NULL DEFAULT '' COMMENT 'и·Ҝз”ұең°еқҖ',
  `component` varchar(255) CHARACTER SET utf8mb4 COLLATE utf8mb4_0900_ai_ci NULL DEFAULT NULL COMMENT 'з»„д»¶и·Ҝеҫ„',
  `query` varchar(255) CHARACTER SET utf8mb4 COLLATE utf8mb4_0900_ai_ci NULL DEFAULT NULL COMMENT 'и·Ҝз”ұеҸӮж•°',
  `route_name` varchar(50) CHARACTER SET utf8mb4 COLLATE utf8mb4_0900_ai_ci NULL DEFAULT '' COMMENT 'и·Ҝз”ұеҗҚз§°',
  `is_frame` int NULL DEFAULT 1 COMMENT 'жҳҜеҗҰдёәеӨ–й“ҫпјҲ0жҳҜ 1еҗҰпјү',
  `is_cache` int NULL DEFAULT 0 COMMENT 'жҳҜеҗҰзј“еӯҳпјҲ0зј“еӯҳ 1дёҚзј“еӯҳпјү',
  `menu_type` char(1) CHARACTER SET utf8mb4 COLLATE utf8mb4_0900_ai_ci NULL DEFAULT '' COMMENT 'иҸңеҚ•зұ»еһӢпјҲMзӣ®еҪ• CиҸңеҚ• FжҢүй’®пјү',
  `visible` char(1) CHARACTER SET utf8mb4 COLLATE utf8mb4_0900_ai_ci NULL DEFAULT '0' COMMENT 'иҸңеҚ•зҠ¶жҖҒпјҲ0жҳҫзӨә 1йҡҗи—Ҹпјү',
  `status` char(1) CHARACTER SET utf8mb4 COLLATE utf8mb4_0900_ai_ci NULL DEFAULT '0' COMMENT 'иҸңеҚ•зҠ¶жҖҒпјҲ0жӯЈеёё 1еҒңз”Ёпјү',
  `perms` varchar(100) CHARACTER SET utf8mb4 COLLATE utf8mb4_0900_ai_ci NULL DEFAULT NULL COMMENT 'жқғйҷҗж ҮиҜҶ',
  `icon` varchar(100) CHARACTER SET utf8mb4 COLLATE utf8mb4_0900_ai_ci NULL DEFAULT '#' COMMENT 'иҸңеҚ•еӣҫж Ү',
  `create_by` varchar(64) CHARACTER SET utf8mb4 COLLATE utf8mb4_0900_ai_ci NULL DEFAULT '' COMMENT 'еҲӣе»әиҖ…',
  `create_time` datetime NULL DEFAULT NULL COMMENT 'еҲӣе»әж—¶й—ҙ',
  `update_by` varchar(64) CHARACTER SET utf8mb4 COLLATE utf8mb4_0900_ai_ci NULL DEFAULT '' COMMENT 'жӣҙж–°иҖ…',
  `update_time` datetime NULL DEFAULT NULL COMMENT 'жӣҙж–°ж—¶й—ҙ',
  `remark` varchar(500) CHARACTER SET utf8mb4 COLLATE utf8mb4_0900_ai_ci NULL DEFAULT '' COMMENT 'еӨҮжіЁ',
  PRIMARY KEY (`menu_id`) USING BTREE
) ENGINE = InnoDB AUTO_INCREMENT = 2006 CHARACTER SET = utf8mb4 COLLATE = utf8mb4_0900_ai_ci COMMENT = 'иҸңеҚ•жқғйҷҗиЎЁ' ROW_FORMAT = DYNAMIC;

-- ----------------------------
-- Records of sys_menu
-- ----------------------------
INSERT INTO `sys_menu` VALUES (1, 'зі»з»ҹз®ЎзҗҶ', 0, 2, 'system', NULL, '', '', 1, 0, 'M', '0', '0', '', 'system', 'admin', '2026-03-15 12:49:47', 'admin', '2026-03-15 14:06:07', 'зі»з»ҹз®ЎзҗҶзӣ®еҪ•');
INSERT INTO `sys_menu` VALUES (2, 'зі»з»ҹзӣ‘жҺ§', 0, 3, 'monitor', NULL, '', '', 1, 0, 'M', '0', '0', '', 'monitor', 'admin', '2026-03-15 12:49:47', 'admin', '2026-03-15 14:06:11', 'зі»з»ҹзӣ‘жҺ§зӣ®еҪ•');
INSERT INTO `sys_menu` VALUES (3, 'зі»з»ҹе·Ҙе…·', 0, 4, 'tool', NULL, '', '', 1, 0, 'M', '0', '0', '', 'tool', 'admin', '2026-03-15 12:49:47', 'admin', '2026-03-15 14:06:14', 'зі»з»ҹе·Ҙе…·зӣ®еҪ•');
INSERT INTO `sys_menu` VALUES (4, 'иӢҘдҫқе®ҳзҪ‘', 0, 5, 'http://ruoyi.vip', NULL, '', '', 0, 0, 'M', '1', '1', '', 'guide', 'admin', '2026-03-15 12:49:47', 'admin', '2026-03-15 14:06:18', 'иӢҘдҫқжЎҶжһ¶е®ҳзҪ‘пјҲе·Ійҡҗи—Ҹпјү');
INSERT INTO `sys_menu` VALUES (100, 'з”ЁжҲ·з®ЎзҗҶ', 1, 1, 'user', 'system/user/index', '', '', 1, 0, 'C', '0', '0', 'system:user:list', 'user', 'admin', '2026-03-15 12:49:47', '', NULL, 'з”ЁжҲ·з®ЎзҗҶиҸңеҚ•');
INSERT INTO `sys_menu` VALUES (101, 'и§’иүІз®ЎзҗҶ', 1, 2, 'role', 'system/role/index', '', '', 1, 0, 'C', '0', '0', 'system:role:list', 'peoples', 'admin', '2026-03-15 12:49:47', '', NULL, 'и§’иүІз®ЎзҗҶиҸңеҚ•');
INSERT INTO `sys_menu` VALUES (102, 'иҸңеҚ•з®ЎзҗҶ', 1, 3, 'menu', 'system/menu/index', '', '', 1, 0, 'C', '0', '0', 'system:menu:list', 'tree-table', 'admin', '2026-03-15 12:49:47', '', NULL, 'иҸңеҚ•з®ЎзҗҶиҸңеҚ•');
INSERT INTO `sys_menu` VALUES (103, 'йғЁй—Ёз®ЎзҗҶ', 1, 4, 'dept', 'system/dept/index', '', '', 1, 0, 'C', '0', '0', 'system:dept:list', 'tree', 'admin', '2026-03-15 12:49:47', '', NULL, 'йғЁй—Ёз®ЎзҗҶиҸңеҚ•');
INSERT INTO `sys_menu` VALUES (104, 'еІ—дҪҚз®ЎзҗҶ', 1, 5, 'post', 'system/post/index', '', '', 1, 0, 'C', '0', '0', 'system:post:list', 'post', 'admin', '2026-03-15 12:49:47', '', NULL, 'еІ—дҪҚз®ЎзҗҶиҸңеҚ•');
INSERT INTO `sys_menu` VALUES (105, 'еӯ—е…ёз®ЎзҗҶ', 1, 6, 'dict', 'system/dict/index', '', '', 1, 0, 'C', '0', '0', 'system:dict:list', 'dict', 'admin', '2026-03-15 12:49:47', '', NULL, 'еӯ—е…ёз®ЎзҗҶиҸңеҚ•');
INSERT INTO `sys_menu` VALUES (106, 'еҸӮж•°и®ҫзҪ®', 1, 7, 'config', 'system/config/index', '', '', 1, 0, 'C', '0', '0', 'system:config:list', 'edit', 'admin', '2026-03-15 12:49:47', '', NULL, 'еҸӮж•°и®ҫзҪ®иҸңеҚ•');
INSERT INTO `sys_menu` VALUES (107, 'йҖҡзҹҘе…¬е‘Ҡ', 1, 8, 'notice', 'system/notice/index', '', '', 1, 0, 'C', '0', '0', 'system:notice:list', 'message', 'admin', '2026-03-15 12:49:47', '', NULL, 'йҖҡзҹҘе…¬е‘ҠиҸңеҚ•');
INSERT INTO `sys_menu` VALUES (108, 'ж—Ҙеҝ—з®ЎзҗҶ', 1, 9, 'log', '', '', '', 1, 0, 'M', '0', '0', '', 'log', 'admin', '2026-03-15 12:49:47', '', NULL, 'ж—Ҙеҝ—з®ЎзҗҶиҸңеҚ•');
INSERT INTO `sys_menu` VALUES (109, 'еңЁзәҝз”ЁжҲ·', 2, 1, 'online', 'monitor/online/index', '', '', 1, 0, 'C', '0', '0', 'monitor:online:list', 'online', 'admin', '2026-03-15 12:49:47', '', NULL, 'еңЁзәҝз”ЁжҲ·иҸңеҚ•');
INSERT INTO `sys_menu` VALUES (110, 'е®ҡж—¶д»»еҠЎ', 2, 2, 'job', 'monitor/job/index', '', '', 1, 0, 'C', '0', '0', 'monitor:job:list', 'job', 'admin', '2026-03-15 12:49:47', '', NULL, 'е®ҡж—¶д»»еҠЎиҸңеҚ•');
INSERT INTO `sys_menu` VALUES (111, 'ж•°жҚ®зӣ‘жҺ§', 2, 3, 'druid', 'monitor/druid/index', '', '', 1, 0, 'C', '0', '0', 'monitor:druid:list', 'druid', 'admin', '2026-03-15 12:49:47', '', NULL, 'ж•°жҚ®зӣ‘жҺ§иҸңеҚ•');
INSERT INTO `sys_menu` VALUES (112, 'жңҚеҠЎзӣ‘жҺ§', 2, 4, 'server', 'monitor/server/index', '', '', 1, 0, 'C', '0', '0', 'monitor:server:list', 'server', 'admin', '2026-03-15 12:49:47', '', NULL, 'жңҚеҠЎзӣ‘жҺ§иҸңеҚ•');
INSERT INTO `sys_menu` VALUES (113, 'зј“еӯҳзӣ‘жҺ§', 2, 5, 'cache', 'monitor/cache/index', '', '', 1, 0, 'C', '0', '0', 'monitor:cache:list', 'redis', 'admin', '2026-03-15 12:49:47', '', NULL, 'зј“еӯҳзӣ‘жҺ§иҸңеҚ•');
INSERT INTO `sys_menu` VALUES (114, 'зј“еӯҳеҲ—иЎЁ', 2, 6, 'cacheList', 'monitor/cache/list', '', '', 1, 0, 'C', '0', '0', 'monitor:cache:list', 'redis-list', 'admin', '2026-03-15 12:49:47', '', NULL, 'зј“еӯҳеҲ—иЎЁиҸңеҚ•');
INSERT INTO `sys_menu` VALUES (115, 'иЎЁеҚ•жһ„е»ә', 3, 1, 'build', 'tool/build/index', '', '', 1, 0, 'C', '0', '0', 'tool:build:list', 'build', 'admin', '2026-03-15 12:49:47', '', NULL, 'иЎЁеҚ•жһ„е»әиҸңеҚ•');
INSERT INTO `sys_menu` VALUES (116, 'д»Јз Ғз”ҹжҲҗ', 3, 2, 'gen', 'tool/gen/index', '', '', 1, 0, 'C', '0', '0', 'tool:gen:list', 'code', 'admin', '2026-03-15 12:49:47', '', NULL, 'д»Јз Ғз”ҹжҲҗиҸңеҚ•');
INSERT INTO `sys_menu` VALUES (117, 'зі»з»ҹжҺҘеҸЈ', 3, 3, 'swagger', 'tool/swagger/index', '', '', 1, 0, 'C', '0', '0', 'tool:swagger:list', 'swagger', 'admin', '2026-03-15 12:49:47', '', NULL, 'зі»з»ҹжҺҘеҸЈиҸңеҚ•');
INSERT INTO `sys_menu` VALUES (500, 'ж“ҚдҪңж—Ҙеҝ—', 108, 1, 'operlog', 'monitor/operlog/index', '', '', 1, 0, 'C', '0', '0', 'monitor:operlog:list', 'form', 'admin', '2026-03-15 12:49:47', '', NULL, 'ж“ҚдҪңж—Ҙеҝ—иҸңеҚ•');
INSERT INTO `sys_menu` VALUES (501, 'зҷ»еҪ•ж—Ҙеҝ—', 108, 2, 'logininfor', 'monitor/logininfor/index', '', '', 1, 0, 'C', '0', '0', 'monitor:logininfor:list', 'logininfor', 'admin', '2026-03-15 12:49:47', '', NULL, 'зҷ»еҪ•ж—Ҙеҝ—иҸңеҚ•');
INSERT INTO `sys_menu` VALUES (1000, 'з”ЁжҲ·жҹҘиҜў', 100, 1, '', '', '', '', 1, 0, 'F', '0', '0', 'system:user:query', '#', 'admin', '2026-03-15 12:49:47', '', NULL, '');
INSERT INTO `sys_menu` VALUES (1001, 'з”ЁжҲ·ж–°еўһ', 100, 2, '', '', '', '', 1, 0, 'F', '0', '0', 'system:user:add', '#', 'admin', '2026-03-15 12:49:47', '', NULL, '');
INSERT INTO `sys_menu` VALUES (1002, 'з”ЁжҲ·дҝ®ж”№', 100, 3, '', '', '', '', 1, 0, 'F', '0', '0', 'system:user:edit', '#', 'admin', '2026-03-15 12:49:47', '', NULL, '');
INSERT INTO `sys_menu` VALUES (1003, 'з”ЁжҲ·еҲ йҷӨ', 100, 4, '', '', '', '', 1, 0, 'F', '0', '0', 'system:user:remove', '#', 'admin', '2026-03-15 12:49:47', '', NULL, '');
INSERT INTO `sys_menu` VALUES (1004, 'з”ЁжҲ·еҜјеҮә', 100, 5, '', '', '', '', 1, 0, 'F', '0', '0', 'system:user:export', '#', 'admin', '2026-03-15 12:49:47', '', NULL, '');
INSERT INTO `sys_menu` VALUES (1005, 'з”ЁжҲ·еҜје…Ҙ', 100, 6, '', '', '', '', 1, 0, 'F', '0', '0', 'system:user:import', '#', 'admin', '2026-03-15 12:49:47', '', NULL, '');
INSERT INTO `sys_menu` VALUES (1006, 'йҮҚзҪ®еҜҶз Ғ', 100, 7, '', '', '', '', 1, 0, 'F', '0', '0', 'system:user:resetPwd', '#', 'admin', '2026-03-15 12:49:47', '', NULL, '');
INSERT INTO `sys_menu` VALUES (1007, 'и§’иүІжҹҘиҜў', 101, 1, '', '', '', '', 1, 0, 'F', '0', '0', 'system:role:query', '#', 'admin', '2026-03-15 12:49:47', '', NULL, '');
INSERT INTO `sys_menu` VALUES (1008, 'и§’иүІж–°еўһ', 101, 2, '', '', '', '', 1, 0, 'F', '0', '0', 'system:role:add', '#', 'admin', '2026-03-15 12:49:47', '', NULL, '');
INSERT INTO `sys_menu` VALUES (1009, 'и§’иүІдҝ®ж”№', 101, 3, '', '', '', '', 1, 0, 'F', '0', '0', 'system:role:edit', '#', 'admin', '2026-03-15 12:49:47', '', NULL, '');
INSERT INTO `sys_menu` VALUES (1010, 'и§’иүІеҲ йҷӨ', 101, 4, '', '', '', '', 1, 0, 'F', '0', '0', 'system:role:remove', '#', 'admin', '2026-03-15 12:49:47', '', NULL, '');
INSERT INTO `sys_menu` VALUES (1011, 'и§’иүІеҜјеҮә', 101, 5, '', '', '', '', 1, 0, 'F', '0', '0', 'system:role:export', '#', 'admin', '2026-03-15 12:49:47', '', NULL, '');
INSERT INTO `sys_menu` VALUES (1012, 'иҸңеҚ•жҹҘиҜў', 102, 1, '', '', '', '', 1, 0, 'F', '0', '0', 'system:menu:query', '#', 'admin', '2026-03-15 12:49:47', '', NULL, '');
INSERT INTO `sys_menu` VALUES (1013, 'иҸңеҚ•ж–°еўһ', 102, 2, '', '', '', '', 1, 0, 'F', '0', '0', 'system:menu:add', '#', 'admin', '2026-03-15 12:49:47', '', NULL, '');
INSERT INTO `sys_menu` VALUES (1014, 'иҸңеҚ•дҝ®ж”№', 102, 3, '', '', '', '', 1, 0, 'F', '0', '0', 'system:menu:edit', '#', 'admin', '2026-03-15 12:49:47', '', NULL, '');
INSERT INTO `sys_menu` VALUES (1015, 'иҸңеҚ•еҲ йҷӨ', 102, 4, '', '', '', '', 1, 0, 'F', '0', '0', 'system:menu:remove', '#', 'admin', '2026-03-15 12:49:47', '', NULL, '');
INSERT INTO `sys_menu` VALUES (1016, 'йғЁй—ЁжҹҘиҜў', 103, 1, '', '', '', '', 1, 0, 'F', '0', '0', 'system:dept:query', '#', 'admin', '2026-03-15 12:49:47', '', NULL, '');
INSERT INTO `sys_menu` VALUES (1017, 'йғЁй—Ёж–°еўһ', 103, 2, '', '', '', '', 1, 0, 'F', '0', '0', 'system:dept:add', '#', 'admin', '2026-03-15 12:49:47', '', NULL, '');
INSERT INTO `sys_menu` VALUES (1018, 'йғЁй—Ёдҝ®ж”№', 103, 3, '', '', '', '', 1, 0, 'F', '0', '0', 'system:dept:edit', '#', 'admin', '2026-03-15 12:49:47', '', NULL, '');
INSERT INTO `sys_menu` VALUES (1019, 'йғЁй—ЁеҲ йҷӨ', 103, 4, '', '', '', '', 1, 0, 'F', '0', '0', 'system:dept:remove', '#', 'admin', '2026-03-15 12:49:47', '', NULL, '');
INSERT INTO `sys_menu` VALUES (1020, 'еІ—дҪҚжҹҘиҜў', 104, 1, '', '', '', '', 1, 0, 'F', '0', '0', 'system:post:query', '#', 'admin', '2026-03-15 12:49:47', '', NULL, '');
INSERT INTO `sys_menu` VALUES (1021, 'еІ—дҪҚж–°еўһ', 104, 2, '', '', '', '', 1, 0, 'F', '0', '0', 'system:post:add', '#', 'admin', '2026-03-15 12:49:47', '', NULL, '');
INSERT INTO `sys_menu` VALUES (1022, 'еІ—дҪҚдҝ®ж”№', 104, 3, '', '', '', '', 1, 0, 'F', '0', '0', 'system:post:edit', '#', 'admin', '2026-03-15 12:49:47', '', NULL, '');
INSERT INTO `sys_menu` VALUES (1023, 'еІ—дҪҚеҲ йҷӨ', 104, 4, '', '', '', '', 1, 0, 'F', '0', '0', 'system:post:remove', '#', 'admin', '2026-03-15 12:49:47', '', NULL, '');
INSERT INTO `sys_menu` VALUES (1024, 'еІ—дҪҚеҜјеҮә', 104, 5, '', '', '', '', 1, 0, 'F', '0', '0', 'system:post:export', '#', 'admin', '2026-03-15 12:49:47', '', NULL, '');
INSERT INTO `sys_menu` VALUES (1025, 'еӯ—е…ёжҹҘиҜў', 105, 1, '#', '', '', '', 1, 0, 'F', '0', '0', 'system:dict:query', '#', 'admin', '2026-03-15 12:49:47', '', NULL, '');
INSERT INTO `sys_menu` VALUES (1026, 'еӯ—е…ёж–°еўһ', 105, 2, '#', '', '', '', 1, 0, 'F', '0', '0', 'system:dict:add', '#', 'admin', '2026-03-15 12:49:47', '', NULL, '');
INSERT INTO `sys_menu` VALUES (1027, 'еӯ—е…ёдҝ®ж”№', 105, 3, '#', '', '', '', 1, 0, 'F', '0', '0', 'system:dict:edit', '#', 'admin', '2026-03-15 12:49:47', '', NULL, '');
INSERT INTO `sys_menu` VALUES (1028, 'еӯ—е…ёеҲ йҷӨ', 105, 4, '#', '', '', '', 1, 0, 'F', '0', '0', 'system:dict:remove', '#', 'admin', '2026-03-15 12:49:47', '', NULL, '');
INSERT INTO `sys_menu` VALUES (1029, 'еӯ—е…ёеҜјеҮә', 105, 5, '#', '', '', '', 1, 0, 'F', '0', '0', 'system:dict:export', '#', 'admin', '2026-03-15 12:49:47', '', NULL, '');
INSERT INTO `sys_menu` VALUES (1030, 'еҸӮж•°жҹҘиҜў', 106, 1, '#', '', '', '', 1, 0, 'F', '0', '0', 'system:config:query', '#', 'admin', '2026-03-15 12:49:47', '', NULL, '');
INSERT INTO `sys_menu` VALUES (1031, 'еҸӮж•°ж–°еўһ', 106, 2, '#', '', '', '', 1, 0, 'F', '0', '0', 'system:config:add', '#', 'admin', '2026-03-15 12:49:47', '', NULL, '');
INSERT INTO `sys_menu` VALUES (1032, 'еҸӮж•°дҝ®ж”№', 106, 3, '#', '', '', '', 1, 0, 'F', '0', '0', 'system:config:edit', '#', 'admin', '2026-03-15 12:49:47', '', NULL, '');
INSERT INTO `sys_menu` VALUES (1033, 'еҸӮж•°еҲ йҷӨ', 106, 4, '#', '', '', '', 1, 0, 'F', '0', '0', 'system:config:remove', '#', 'admin', '2026-03-15 12:49:47', '', NULL, '');
INSERT INTO `sys_menu` VALUES (1034, 'еҸӮж•°еҜјеҮә', 106, 5, '#', '', '', '', 1, 0, 'F', '0', '0', 'system:config:export', '#', 'admin', '2026-03-15 12:49:47', '', NULL, '');
INSERT INTO `sys_menu` VALUES (1035, 'е…¬е‘ҠжҹҘиҜў', 107, 1, '#', '', '', '', 1, 0, 'F', '0', '0', 'system:notice:query', '#', 'admin', '2026-03-15 12:49:47', '', NULL, '');
INSERT INTO `sys_menu` VALUES (1036, 'е…¬е‘Ҡж–°еўһ', 107, 2, '#', '', '', '', 1, 0, 'F', '0', '0', 'system:notice:add', '#', 'admin', '2026-03-15 12:49:47', '', NULL, '');
INSERT INTO `sys_menu` VALUES (1037, 'е…¬е‘Ҡдҝ®ж”№', 107, 3, '#', '', '', '', 1, 0, 'F', '0', '0', 'system:notice:edit', '#', 'admin', '2026-03-15 12:49:47', '', NULL, '');
INSERT INTO `sys_menu` VALUES (1038, 'е…¬е‘ҠеҲ йҷӨ', 107, 4, '#', '', '', '', 1, 0, 'F', '0', '0', 'system:notice:remove', '#', 'admin', '2026-03-15 12:49:47', '', NULL, '');
INSERT INTO `sys_menu` VALUES (1039, 'ж“ҚдҪңжҹҘиҜў', 500, 1, '#', '', '', '', 1, 0, 'F', '0', '0', 'monitor:operlog:query', '#', 'admin', '2026-03-15 12:49:47', '', NULL, '');
INSERT INTO `sys_menu` VALUES (1040, 'ж“ҚдҪңеҲ йҷӨ', 500, 2, '#', '', '', '', 1, 0, 'F', '0', '0', 'monitor:operlog:remove', '#', 'admin', '2026-03-15 12:49:47', '', NULL, '');
INSERT INTO `sys_menu` VALUES (1041, 'ж—Ҙеҝ—еҜјеҮә', 500, 3, '#', '', '', '', 1, 0, 'F', '0', '0', 'monitor:operlog:export', '#', 'admin', '2026-03-15 12:49:47', '', NULL, '');
INSERT INTO `sys_menu` VALUES (1042, 'зҷ»еҪ•жҹҘиҜў', 501, 1, '#', '', '', '', 1, 0, 'F', '0', '0', 'monitor:logininfor:query', '#', 'admin', '2026-03-15 12:49:47', '', NULL, '');
INSERT INTO `sys_menu` VALUES (1043, 'зҷ»еҪ•еҲ йҷӨ', 501, 2, '#', '', '', '', 1, 0, 'F', '0', '0', 'monitor:logininfor:remove', '#', 'admin', '2026-03-15 12:49:47', '', NULL, '');
INSERT INTO `sys_menu` VALUES (1044, 'ж—Ҙеҝ—еҜјеҮә', 501, 3, '#', '', '', '', 1, 0, 'F', '0', '0', 'monitor:logininfor:export', '#', 'admin', '2026-03-15 12:49:47', '', NULL, '');
INSERT INTO `sys_menu` VALUES (1045, 'иҙҰжҲ·и§Јй”Ғ', 501, 4, '#', '', '', '', 1, 0, 'F', '0', '0', 'monitor:logininfor:unlock', '#', 'admin', '2026-03-15 12:49:47', '', NULL, '');
INSERT INTO `sys_menu` VALUES (1046, 'еңЁзәҝжҹҘиҜў', 109, 1, '#', '', '', '', 1, 0, 'F', '0', '0', 'monitor:online:query', '#', 'admin', '2026-03-15 12:49:47', '', NULL, '');
INSERT INTO `sys_menu` VALUES (1047, 'жү№йҮҸејәйҖҖ', 109, 2, '#', '', '', '', 1, 0, 'F', '0', '0', 'monitor:online:batchLogout', '#', 'admin', '2026-03-15 12:49:47', '', NULL, '');
INSERT INTO `sys_menu` VALUES (1048, 'еҚ•жқЎејәйҖҖ', 109, 3, '#', '', '', '', 1, 0, 'F', '0', '0', 'monitor:online:forceLogout', '#', 'admin', '2026-03-15 12:49:47', '', NULL, '');
INSERT INTO `sys_menu` VALUES (1049, 'д»»еҠЎжҹҘиҜў', 110, 1, '#', '', '', '', 1, 0, 'F', '0', '0', 'monitor:job:query', '#', 'admin', '2026-03-15 12:49:47', '', NULL, '');
INSERT INTO `sys_menu` VALUES (1050, 'д»»еҠЎж–°еўһ', 110, 2, '#', '', '', '', 1, 0, 'F', '0', '0', 'monitor:job:add', '#', 'admin', '2026-03-15 12:49:47', '', NULL, '');
INSERT INTO `sys_menu` VALUES (1051, 'д»»еҠЎдҝ®ж”№', 110, 3, '#', '', '', '', 1, 0, 'F', '0', '0', 'monitor:job:edit', '#', 'admin', '2026-03-15 12:49:47', '', NULL, '');
INSERT INTO `sys_menu` VALUES (1052, 'д»»еҠЎеҲ йҷӨ', 110, 4, '#', '', '', '', 1, 0, 'F', '0', '0', 'monitor:job:remove', '#', 'admin', '2026-03-15 12:49:47', '', NULL, '');
INSERT INTO `sys_menu` VALUES (1053, 'зҠ¶жҖҒдҝ®ж”№', 110, 5, '#', '', '', '', 1, 0, 'F', '0', '0', 'monitor:job:changeStatus', '#', 'admin', '2026-03-15 12:49:47', '', NULL, '');
INSERT INTO `sys_menu` VALUES (1054, 'д»»еҠЎеҜјеҮә', 110, 6, '#', '', '', '', 1, 0, 'F', '0', '0', 'monitor:job:export', '#', 'admin', '2026-03-15 12:49:47', '', NULL, '');
INSERT INTO `sys_menu` VALUES (1055, 'з”ҹжҲҗжҹҘиҜў', 116, 1, '#', '', '', '', 1, 0, 'F', '0', '0', 'tool:gen:query', '#', 'admin', '2026-03-15 12:49:47', '', NULL, '');
INSERT INTO `sys_menu` VALUES (1056, 'з”ҹжҲҗдҝ®ж”№', 116, 2, '#', '', '', '', 1, 0, 'F', '0', '0', 'tool:gen:edit', '#', 'admin', '2026-03-15 12:49:47', '', NULL, '');
INSERT INTO `sys_menu` VALUES (1057, 'з”ҹжҲҗеҲ йҷӨ', 116, 3, '#', '', '', '', 1, 0, 'F', '0', '0', 'tool:gen:remove', '#', 'admin', '2026-03-15 12:49:47', '', NULL, '');
INSERT INTO `sys_menu` VALUES (1058, 'еҜје…Ҙд»Јз Ғ', 116, 4, '#', '', '', '', 1, 0, 'F', '0', '0', 'tool:gen:import', '#', 'admin', '2026-03-15 12:49:47', '', NULL, '');
INSERT INTO `sys_menu` VALUES (1059, 'йў„и§Ҳд»Јз Ғ', 116, 5, '#', '', '', '', 1, 0, 'F', '0', '0', 'tool:gen:preview', '#', 'admin', '2026-03-15 12:49:47', '', NULL, '');
INSERT INTO `sys_menu` VALUES (1060, 'з”ҹжҲҗд»Јз Ғ', 116, 6, '#', '', '', '', 1, 0, 'F', '0', '0', 'tool:gen:code', '#', 'admin', '2026-03-15 12:49:47', '', NULL, '');
INSERT INTO `sys_menu` VALUES (2000, 'жңҚеҠЎд»»еҠЎз®ЎзҗҶ', 0, 1, 'repairTask', 'repair/task/index', NULL, '', 1, 0, 'C', '0', '0', 'repair:task:list', 'job', 'admin', '2026-03-15 12:49:54', 'admin', '2026-03-15 14:06:04', 'еҝ—ж„ҝжңҚеҠЎд»»еҠЎз®ЎзҗҶ');
INSERT INTO `sys_menu` VALUES (2001, 'еҝ—ж„ҝжңҚеҠЎе·ҘдҪңеҸ°', 0, 0, 'studentRepair', 'repair/student/index', NULL, '', 1, 0, 'C', '0', '0', 'repair:task:claim', 'user', 'admin', '2026-03-15 12:49:54', 'admin', '2026-03-15 14:05:34', 'еҝ—ж„ҝиҖ…и®ӨйўҶдёҺеӣһдј ');
INSERT INTO `sys_menu` VALUES (2002, 'д»»еҠЎжҹҘиҜў', 2000, 1, '#', '', NULL, '', 1, 0, 'F', '0', '0', 'repair:task:query', '#', 'admin', '2026-03-15 12:49:54', '', NULL, '');
INSERT INTO `sys_menu` VALUES (2003, 'жңҚеҠЎз»“жһңдёҠдј ', 2001, 1, '#', '', NULL, '', 1, 0, 'F', '0', '0', 'repair:task:edit', '#', 'admin', '2026-03-15 12:49:54', '', NULL, '');
INSERT INTO `sys_menu` VALUES (2004, 'AIд»»еҠЎи§ҰеҸ‘', 2000, 2, '#', '', NULL, '', 1, 0, 'F', '0', '0', 'repair:task:ai', '#', 'admin', '2026-03-15 12:49:54', '', NULL, '');
INSERT INTO `sys_menu` VALUES (2005, 'д»»еҠЎеҲ йҷӨ', 2000, 3, '#', '', '', '', 1, 0, 'F', '0', '0', 'repair:task:remove', '#', 'admin', '2026-04-13 15:20:16', '', NULL, '');

-- ----------------------------
-- Table structure for sys_notice
-- ----------------------------
DROP TABLE IF EXISTS `sys_notice`;
CREATE TABLE `sys_notice`  (
  `notice_id` int NOT NULL AUTO_INCREMENT COMMENT 'е…¬е‘ҠID',
  `notice_title` varchar(50) CHARACTER SET utf8mb4 COLLATE utf8mb4_0900_ai_ci NOT NULL COMMENT 'е…¬е‘Ҡж Үйўҳ',
  `notice_type` char(1) CHARACTER SET utf8mb4 COLLATE utf8mb4_0900_ai_ci NOT NULL COMMENT 'е…¬е‘Ҡзұ»еһӢпјҲ1йҖҡзҹҘ 2е…¬е‘Ҡпјү',
  `notice_content` longblob NULL COMMENT 'е…¬е‘ҠеҶ…е®№',
  `status` char(1) CHARACTER SET utf8mb4 COLLATE utf8mb4_0900_ai_ci NULL DEFAULT '0' COMMENT 'е…¬е‘ҠзҠ¶жҖҒпјҲ0жӯЈеёё 1е…ій—ӯпјү',
  `create_by` varchar(64) CHARACTER SET utf8mb4 COLLATE utf8mb4_0900_ai_ci NULL DEFAULT '' COMMENT 'еҲӣе»әиҖ…',
  `create_time` datetime NULL DEFAULT NULL COMMENT 'еҲӣе»әж—¶й—ҙ',
  `update_by` varchar(64) CHARACTER SET utf8mb4 COLLATE utf8mb4_0900_ai_ci NULL DEFAULT '' COMMENT 'жӣҙж–°иҖ…',
  `update_time` datetime NULL DEFAULT NULL COMMENT 'жӣҙж–°ж—¶й—ҙ',
  `remark` varchar(255) CHARACTER SET utf8mb4 COLLATE utf8mb4_0900_ai_ci NULL DEFAULT NULL COMMENT 'еӨҮжіЁ',
  PRIMARY KEY (`notice_id`) USING BTREE
) ENGINE = InnoDB AUTO_INCREMENT = 10 CHARACTER SET = utf8mb4 COLLATE = utf8mb4_0900_ai_ci COMMENT = 'йҖҡзҹҘе…¬е‘ҠиЎЁ' ROW_FORMAT = DYNAMIC;

-- ----------------------------
-- Records of sys_notice
-- ----------------------------
INSERT INTO `sys_notice` VALUES (1, 'ж¬ўиҝҺдҪҝз”Ёeиө·е®ҲеҝҶзӨҫеҢәеҝ—ж„ҝжңҚеҠЎе№іеҸ°', '2', 0xE696B0E78988E69CACE58685E5AEB9, '0', 'admin', '2026-03-15 12:49:48', '', NULL, 'з®ЎзҗҶе‘ҳ');
INSERT INTO `sys_notice` VALUES (2, 'з»ҙжҠӨйҖҡзҹҘпјҡеҝ—ж„ҝжңҚеҠЎе№іеҸ°е®ҡжңҹз»ҙжҠӨиҜҙжҳҺ', '1', 0xE7BBB4E68AA4E58685E5AEB9, '0', 'admin', '2026-03-15 12:49:48', '', NULL, 'з®ЎзҗҶе‘ҳ');

-- ----------------------------
-- Table structure for sys_oper_log
-- ----------------------------
DROP TABLE IF EXISTS `sys_oper_log`;
CREATE TABLE `sys_oper_log`  (
  `oper_id` bigint NOT NULL AUTO_INCREMENT COMMENT 'ж—Ҙеҝ—дё»й”®',
  `title` varchar(50) CHARACTER SET utf8mb4 COLLATE utf8mb4_0900_ai_ci NULL DEFAULT '' COMMENT 'жЁЎеқ—ж Үйўҳ',
  `business_type` int NULL DEFAULT 0 COMMENT 'дёҡеҠЎзұ»еһӢпјҲ0е…¶е®ғ 1ж–°еўһ 2дҝ®ж”№ 3еҲ йҷӨпјү',
  `method` varchar(200) CHARACTER SET utf8mb4 COLLATE utf8mb4_0900_ai_ci NULL DEFAULT '' COMMENT 'ж–№жі•еҗҚз§°',
  `request_method` varchar(10) CHARACTER SET utf8mb4 COLLATE utf8mb4_0900_ai_ci NULL DEFAULT '' COMMENT 'иҜ·жұӮж–№ејҸ',
  `operator_type` int NULL DEFAULT 0 COMMENT 'ж“ҚдҪңзұ»еҲ«пјҲ0е…¶е®ғ 1еҗҺеҸ°з”ЁжҲ· 2жүӢжңәз«Ҝз”ЁжҲ·пјү',
  `oper_name` varchar(50) CHARACTER SET utf8mb4 COLLATE utf8mb4_0900_ai_ci NULL DEFAULT '' COMMENT 'ж“ҚдҪңдәәе‘ҳ',
  `dept_name` varchar(50) CHARACTER SET utf8mb4 COLLATE utf8mb4_0900_ai_ci NULL DEFAULT '' COMMENT 'йғЁй—ЁеҗҚз§°',
  `oper_url` varchar(255) CHARACTER SET utf8mb4 COLLATE utf8mb4_0900_ai_ci NULL DEFAULT '' COMMENT 'иҜ·жұӮURL',
  `oper_ip` varchar(128) CHARACTER SET utf8mb4 COLLATE utf8mb4_0900_ai_ci NULL DEFAULT '' COMMENT 'дё»жңәең°еқҖ',
  `oper_location` varchar(255) CHARACTER SET utf8mb4 COLLATE utf8mb4_0900_ai_ci NULL DEFAULT '' COMMENT 'ж“ҚдҪңең°зӮ№',
  `oper_param` varchar(2000) CHARACTER SET utf8mb4 COLLATE utf8mb4_0900_ai_ci NULL DEFAULT '' COMMENT 'иҜ·жұӮеҸӮж•°',
  `json_result` varchar(2000) CHARACTER SET utf8mb4 COLLATE utf8mb4_0900_ai_ci NULL DEFAULT '' COMMENT 'иҝ”еӣһеҸӮж•°',
  `status` int NULL DEFAULT 0 COMMENT 'ж“ҚдҪңзҠ¶жҖҒпјҲ0жӯЈеёё 1ејӮеёёпјү',
  `error_msg` varchar(2000) CHARACTER SET utf8mb4 COLLATE utf8mb4_0900_ai_ci NULL DEFAULT '' COMMENT 'й”ҷиҜҜж¶ҲжҒҜ',
  `oper_time` datetime NULL DEFAULT NULL COMMENT 'ж“ҚдҪңж—¶й—ҙ',
  `cost_time` bigint NULL DEFAULT 0 COMMENT 'ж¶ҲиҖ—ж—¶й—ҙ',
  PRIMARY KEY (`oper_id`) USING BTREE,
  INDEX `idx_sys_oper_log_bt`(`business_type` ASC) USING BTREE,
  INDEX `idx_sys_oper_log_s`(`status` ASC) USING BTREE,
  INDEX `idx_sys_oper_log_ot`(`oper_time` ASC) USING BTREE
) ENGINE = InnoDB AUTO_INCREMENT = 120 CHARACTER SET = utf8mb4 COLLATE = utf8mb4_0900_ai_ci COMMENT = 'ж“ҚдҪңж—Ҙеҝ—и®°еҪ•' ROW_FORMAT = DYNAMIC;

-- ----------------------------
-- Records of sys_oper_log
-- ----------------------------
INSERT INTO `sys_oper_log` VALUES (100, 'иҸңеҚ•з®ЎзҗҶ', 3, 'com.ruoyi.web.controller.system.SysMenuController.remove()', 'DELETE', 1, 'admin', 'з ”еҸ‘йғЁй—Ё', '/system/menu/4', '127.0.0.1', 'еҶ…зҪ‘IP', '4 ', '{\"msg\":\"иҸңеҚ•е·ІеҲҶй…Қ,дёҚе…Ғи®ёеҲ йҷӨ\",\"code\":601}', 0, NULL, '2026-03-15 14:00:58', 26);
INSERT INTO `sys_oper_log` VALUES (101, 'иҸңеҚ•з®ЎзҗҶ', 3, 'com.ruoyi.web.controller.system.SysMenuController.remove()', 'DELETE', 1, 'admin', 'з ”еҸ‘йғЁй—Ё', '/system/menu/4', '127.0.0.1', 'еҶ…зҪ‘IP', '4 ', '{\"msg\":\"иҸңеҚ•е·ІеҲҶй…Қ,дёҚе…Ғи®ёеҲ йҷӨ\",\"code\":601}', 0, NULL, '2026-03-15 14:01:04', 6);
INSERT INTO `sys_oper_log` VALUES (102, 'иҸңеҚ•з®ЎзҗҶ', 3, 'com.ruoyi.web.controller.system.SysMenuController.remove()', 'DELETE', 1, 'admin', 'з ”еҸ‘йғЁй—Ё', '/system/menu/4', '127.0.0.1', 'еҶ…зҪ‘IP', '4 ', '{\"msg\":\"иҸңеҚ•е·ІеҲҶй…Қ,дёҚе…Ғи®ёеҲ йҷӨ\",\"code\":601}', 0, NULL, '2026-03-15 14:04:41', 8);
INSERT INTO `sys_oper_log` VALUES (103, 'иҸңеҚ•з®ЎзҗҶ', 2, 'com.ruoyi.web.controller.system.SysMenuController.edit()', 'PUT', 1, 'admin', 'з ”еҸ‘йғЁй—Ё', '/system/menu', '127.0.0.1', 'еҶ…зҪ‘IP', '{\"children\":[],\"createTime\":\"2026-03-15 12:49:47\",\"icon\":\"guide\",\"isCache\":\"0\",\"isFrame\":\"0\",\"menuId\":4,\"menuName\":\"иӢҘдҫқе®ҳзҪ‘\",\"menuType\":\"M\",\"orderNum\":4,\"params\":{},\"parentId\":0,\"path\":\"http://ruoyi.vip\",\"perms\":\"\",\"query\":\"\",\"routeName\":\"\",\"status\":\"0\",\"updateBy\":\"admin\",\"visible\":\"1\"} ', '{\"msg\":\"ж“ҚдҪңжҲҗеҠҹ\",\"code\":200}', 0, NULL, '2026-03-15 14:05:01', 27);
INSERT INTO `sys_oper_log` VALUES (104, 'иҸңеҚ•з®ЎзҗҶ', 2, 'com.ruoyi.web.controller.system.SysMenuController.edit()', 'PUT', 1, 'admin', 'з ”еҸ‘йғЁй—Ё', '/system/menu', '127.0.0.1', 'еҶ…зҪ‘IP', '{\"children\":[],\"createTime\":\"2026-03-15 12:49:47\",\"icon\":\"guide\",\"isCache\":\"0\",\"isFrame\":\"0\",\"menuId\":4,\"menuName\":\"иӢҘдҫқе®ҳзҪ‘\",\"menuType\":\"M\",\"orderNum\":4,\"params\":{},\"parentId\":0,\"path\":\"http://ruoyi.vip\",\"perms\":\"\",\"query\":\"\",\"routeName\":\"\",\"status\":\"1\",\"updateBy\":\"admin\",\"visible\":\"1\"} ', '{\"msg\":\"ж“ҚдҪңжҲҗеҠҹ\",\"code\":200}', 0, NULL, '2026-03-15 14:05:13', 13);
INSERT INTO `sys_oper_log` VALUES (105, 'иҸңеҚ•з®ЎзҗҶ', 2, 'com.ruoyi.web.controller.system.SysMenuController.edit()', 'PUT', 1, 'admin', 'з ”еҸ‘йғЁй—Ё', '/system/menu', '127.0.0.1', 'еҶ…зҪ‘IP', '{\"children\":[],\"component\":\"repair/student/index\",\"createTime\":\"2026-03-15 12:49:54\",\"icon\":\"user\",\"isCache\":\"0\",\"isFrame\":\"1\",\"menuId\":2001,\"menuName\":\"еӯҰз”ҹдҝ®еӨҚе·ҘдҪңеҸ°\",\"menuType\":\"C\",\"orderNum\":0,\"params\":{},\"parentId\":0,\"path\":\"studentRepair\",\"perms\":\"repair:task:claim\",\"routeName\":\"\",\"status\":\"0\",\"updateBy\":\"admin\",\"visible\":\"0\"} ', '{\"msg\":\"ж“ҚдҪңжҲҗеҠҹ\",\"code\":200}', 0, NULL, '2026-03-15 14:05:34', 13);
INSERT INTO `sys_oper_log` VALUES (106, 'иҸңеҚ•з®ЎзҗҶ', 2, 'com.ruoyi.web.controller.system.SysMenuController.edit()', 'PUT', 1, 'admin', 'з ”еҸ‘йғЁй—Ё', '/system/menu', '127.0.0.1', 'еҶ…зҪ‘IP', '{\"children\":[],\"component\":\"repair/task/index\",\"createTime\":\"2026-03-15 12:49:54\",\"icon\":\"job\",\"isCache\":\"0\",\"isFrame\":\"1\",\"menuId\":2000,\"menuName\":\"дҝ®еӨҚд»»еҠЎз®ЎзҗҶ\",\"menuType\":\"C\",\"orderNum\":1,\"params\":{},\"parentId\":0,\"path\":\"repairTask\",\"perms\":\"repair:task:list\",\"routeName\":\"\",\"status\":\"0\",\"updateBy\":\"admin\",\"visible\":\"0\"} ', '{\"msg\":\"ж“ҚдҪңжҲҗеҠҹ\",\"code\":200}', 0, NULL, '2026-03-15 14:05:49', 15);
INSERT INTO `sys_oper_log` VALUES (107, 'иҸңеҚ•з®ЎзҗҶ', 2, 'com.ruoyi.web.controller.system.SysMenuController.edit()', 'PUT', 1, 'admin', 'з ”еҸ‘йғЁй—Ё', '/system/menu', '127.0.0.1', 'еҶ…зҪ‘IP', '{\"children\":[],\"component\":\"repair/task/index\",\"createTime\":\"2026-03-15 12:49:54\",\"icon\":\"job\",\"isCache\":\"0\",\"isFrame\":\"1\",\"menuId\":2000,\"menuName\":\"дҝ®еӨҚд»»еҠЎз®ЎзҗҶ\",\"menuType\":\"C\",\"orderNum\":2,\"params\":{},\"parentId\":0,\"path\":\"repairTask\",\"perms\":\"repair:task:list\",\"routeName\":\"\",\"status\":\"0\",\"updateBy\":\"admin\",\"visible\":\"0\"} ', '{\"msg\":\"ж“ҚдҪңжҲҗеҠҹ\",\"code\":200}', 0, NULL, '2026-03-15 14:05:53', 28);
INSERT INTO `sys_oper_log` VALUES (108, 'иҸңеҚ•з®ЎзҗҶ', 2, 'com.ruoyi.web.controller.system.SysMenuController.edit()', 'PUT', 1, 'admin', 'з ”еҸ‘йғЁй—Ё', '/system/menu', '127.0.0.1', 'еҶ…зҪ‘IP', '{\"children\":[],\"component\":\"repair/task/index\",\"createTime\":\"2026-03-15 12:49:54\",\"icon\":\"job\",\"isCache\":\"0\",\"isFrame\":\"1\",\"menuId\":2000,\"menuName\":\"дҝ®еӨҚд»»еҠЎз®ЎзҗҶ\",\"menuType\":\"C\",\"orderNum\":3,\"params\":{},\"parentId\":0,\"path\":\"repairTask\",\"perms\":\"repair:task:list\",\"routeName\":\"\",\"status\":\"0\",\"updateBy\":\"admin\",\"visible\":\"0\"} ', '{\"msg\":\"ж“ҚдҪңжҲҗеҠҹ\",\"code\":200}', 0, NULL, '2026-03-15 14:05:57', 13);
INSERT INTO `sys_oper_log` VALUES (109, 'иҸңеҚ•з®ЎзҗҶ', 2, 'com.ruoyi.web.controller.system.SysMenuController.edit()', 'PUT', 1, 'admin', 'з ”еҸ‘йғЁй—Ё', '/system/menu', '127.0.0.1', 'еҶ…зҪ‘IP', '{\"children\":[],\"component\":\"repair/task/index\",\"createTime\":\"2026-03-15 12:49:54\",\"icon\":\"job\",\"isCache\":\"0\",\"isFrame\":\"1\",\"menuId\":2000,\"menuName\":\"дҝ®еӨҚд»»еҠЎз®ЎзҗҶ\",\"menuType\":\"C\",\"orderNum\":1,\"params\":{},\"parentId\":0,\"path\":\"repairTask\",\"perms\":\"repair:task:list\",\"routeName\":\"\",\"status\":\"0\",\"updateBy\":\"admin\",\"visible\":\"0\"} ', '{\"msg\":\"ж“ҚдҪңжҲҗеҠҹ\",\"code\":200}', 0, NULL, '2026-03-15 14:06:04', 12);
INSERT INTO `sys_oper_log` VALUES (110, 'иҸңеҚ•з®ЎзҗҶ', 2, 'com.ruoyi.web.controller.system.SysMenuController.edit()', 'PUT', 1, 'admin', 'з ”еҸ‘йғЁй—Ё', '/system/menu', '127.0.0.1', 'еҶ…зҪ‘IP', '{\"children\":[],\"createTime\":\"2026-03-15 12:49:47\",\"icon\":\"system\",\"isCache\":\"0\",\"isFrame\":\"1\",\"menuId\":1,\"menuName\":\"зі»з»ҹз®ЎзҗҶ\",\"menuType\":\"M\",\"orderNum\":2,\"params\":{},\"parentId\":0,\"path\":\"system\",\"perms\":\"\",\"query\":\"\",\"routeName\":\"\",\"status\":\"0\",\"updateBy\":\"admin\",\"visible\":\"0\"} ', '{\"msg\":\"ж“ҚдҪңжҲҗеҠҹ\",\"code\":200}', 0, NULL, '2026-03-15 14:06:07', 19);
INSERT INTO `sys_oper_log` VALUES (111, 'иҸңеҚ•з®ЎзҗҶ', 2, 'com.ruoyi.web.controller.system.SysMenuController.edit()', 'PUT', 1, 'admin', 'з ”еҸ‘йғЁй—Ё', '/system/menu', '127.0.0.1', 'еҶ…зҪ‘IP', '{\"children\":[],\"createTime\":\"2026-03-15 12:49:47\",\"icon\":\"monitor\",\"isCache\":\"0\",\"isFrame\":\"1\",\"menuId\":2,\"menuName\":\"зі»з»ҹзӣ‘жҺ§\",\"menuType\":\"M\",\"orderNum\":3,\"params\":{},\"parentId\":0,\"path\":\"monitor\",\"perms\":\"\",\"query\":\"\",\"routeName\":\"\",\"status\":\"0\",\"updateBy\":\"admin\",\"visible\":\"0\"} ', '{\"msg\":\"ж“ҚдҪңжҲҗеҠҹ\",\"code\":200}', 0, NULL, '2026-03-15 14:06:11', 12);
INSERT INTO `sys_oper_log` VALUES (112, 'иҸңеҚ•з®ЎзҗҶ', 2, 'com.ruoyi.web.controller.system.SysMenuController.edit()', 'PUT', 1, 'admin', 'з ”еҸ‘йғЁй—Ё', '/system/menu', '127.0.0.1', 'еҶ…зҪ‘IP', '{\"children\":[],\"createTime\":\"2026-03-15 12:49:47\",\"icon\":\"tool\",\"isCache\":\"0\",\"isFrame\":\"1\",\"menuId\":3,\"menuName\":\"зі»з»ҹе·Ҙе…·\",\"menuType\":\"M\",\"orderNum\":4,\"params\":{},\"parentId\":0,\"path\":\"tool\",\"perms\":\"\",\"query\":\"\",\"routeName\":\"\",\"status\":\"0\",\"updateBy\":\"admin\",\"visible\":\"0\"} ', '{\"msg\":\"ж“ҚдҪңжҲҗеҠҹ\",\"code\":200}', 0, NULL, '2026-03-15 14:06:14', 11);
INSERT INTO `sys_oper_log` VALUES (113, 'иҸңеҚ•з®ЎзҗҶ', 2, 'com.ruoyi.web.controller.system.SysMenuController.edit()', 'PUT', 1, 'admin', 'з ”еҸ‘йғЁй—Ё', '/system/menu', '127.0.0.1', 'еҶ…зҪ‘IP', '{\"children\":[],\"createTime\":\"2026-03-15 12:49:47\",\"icon\":\"guide\",\"isCache\":\"0\",\"isFrame\":\"0\",\"menuId\":4,\"menuName\":\"иӢҘдҫқе®ҳзҪ‘\",\"menuType\":\"M\",\"orderNum\":5,\"params\":{},\"parentId\":0,\"path\":\"http://ruoyi.vip\",\"perms\":\"\",\"query\":\"\",\"routeName\":\"\",\"status\":\"1\",\"updateBy\":\"admin\",\"visible\":\"1\"} ', '{\"msg\":\"ж“ҚдҪңжҲҗеҠҹ\",\"code\":200}', 0, NULL, '2026-03-15 14:06:18', 24);
INSERT INTO `sys_oper_log` VALUES (114, 'дҝ®еӨҚд»»еҠЎ', 2, 'com.ruoyi.web.controller.repair.RepairTaskController.claim()', 'POST', 1, 'admin', 'з ”еҸ‘йғЁй—Ё', '/repair/task/claim/1', '127.0.0.1', 'еҶ…зҪ‘IP', '1 ', '{\"msg\":\"и®ӨйўҶжҲҗеҠҹ\",\"code\":200}', 0, NULL, '2026-03-27 13:38:27', 15);
INSERT INTO `sys_oper_log` VALUES (115, 'дҝ®еӨҚд»»еҠЎ', 2, 'com.ruoyi.web.controller.repair.RepairTaskController.uploadResult()', 'PUT', 1, 'admin', 'з ”еҸ‘йғЁй—Ё', '/repair/task/manual/result', '127.0.0.1', 'еҶ…зҪ‘IP', '{\"params\":{},\"resultUrls\":\"/profile/upload/2026/03/27/65e92fc3dca8ccb5120009a9_20260327133836A002.jpg\",\"taskId\":1} ', '{\"msg\":\"ж“ҚдҪңжҲҗеҠҹ\",\"code\":200}', 0, NULL, '2026-03-27 13:38:37', 19);
INSERT INTO `sys_oper_log` VALUES (116, 'дҝ®еӨҚд»»еҠЎ', 2, 'com.ruoyi.web.controller.repair.RepairTaskController.finish()', 'PUT', 1, 'admin', 'з ”еҸ‘йғЁй—Ё', '/repair/task/manual/finish/1', '127.0.0.1', 'еҶ…зҪ‘IP', '1 ', '{\"msg\":\"е·Іе®ҢжҲҗе№¶еӣһдј зӨҫеҢәз«Ҝ\",\"code\":200}', 0, NULL, '2026-03-27 13:38:39', 20);
INSERT INTO `sys_oper_log` VALUES (117, 'дёӘдәәдҝЎжҒҜ', 2, 'com.ruoyi.web.controller.system.SysProfileController.updateProfile()', 'PUT', 1, NULL, 'жҠҖжңҜж”ҜжҢҒз»„', '/system/user/profile', '127.0.0.1', 'еҶ…зҪ‘IP', '{\"admin\":false,\"email\":\"volunteer@jslg.edu.cn\",\"nickName\":\"еҝ—ж„ҝиҖ…\",\"params\":{},\"phonenumber\":\"15666666666\",\"sex\":\"1\"} ', '{\"msg\":\"дҝ®ж”№з”ЁжҲ·\'null\'еӨұиҙҘпјҢзҷ»еҪ•иҙҰеҸ·дёҚиғҪдёәз©ә\",\"code\":500}', 0, NULL, '2026-04-08 14:14:16', 1);
INSERT INTO `sys_oper_log` VALUES (118, 'з”ЁжҲ·еӨҙеғҸ', 2, 'com.ruoyi.web.controller.system.SysProfileController.avatar()', 'POST', 1, 'wx_oOaFD3b13JBeJFcZ4Dah', NULL, '/system/user/profile/avatar', '127.0.0.1', 'еҶ…зҪ‘IP', '', '{\"msg\":\"ж“ҚдҪңжҲҗеҠҹ\",\"imgUrl\":\"/profile/avatar/2026/04/08/cb111a52e9b34ed9b08718d5fd507736.jpeg\",\"code\":200}', 0, NULL, '2026-04-08 14:44:50', 103);
INSERT INTO `sys_oper_log` VALUES (119, 'з”ЁжҲ·еӨҙеғҸ', 2, 'com.ruoyi.web.controller.system.SysProfileController.avatar()', 'POST', 1, 'yonghu1', NULL, '/system/user/profile/avatar', '127.0.0.1', 'еҶ…зҪ‘IP', '', '{\"msg\":\"ж“ҚдҪңжҲҗеҠҹ\",\"imgUrl\":\"/profile/avatar/2026/04/08/1bf2f4b8aeb44e098a443ffcb523b3e2.jpeg\",\"code\":200}', 0, NULL, '2026-04-08 14:47:52', 122);

-- ----------------------------
-- Table structure for sys_post
-- ----------------------------
DROP TABLE IF EXISTS `sys_post`;
CREATE TABLE `sys_post`  (
  `post_id` bigint NOT NULL AUTO_INCREMENT COMMENT 'еІ—дҪҚID',
  `post_code` varchar(64) CHARACTER SET utf8mb4 COLLATE utf8mb4_0900_ai_ci NOT NULL COMMENT 'еІ—дҪҚзј–з Ғ',
  `post_name` varchar(50) CHARACTER SET utf8mb4 COLLATE utf8mb4_0900_ai_ci NOT NULL COMMENT 'еІ—дҪҚеҗҚз§°',
  `post_sort` int NOT NULL COMMENT 'жҳҫзӨәйЎәеәҸ',
  `status` char(1) CHARACTER SET utf8mb4 COLLATE utf8mb4_0900_ai_ci NOT NULL COMMENT 'зҠ¶жҖҒпјҲ0жӯЈеёё 1еҒңз”Ёпјү',
  `create_by` varchar(64) CHARACTER SET utf8mb4 COLLATE utf8mb4_0900_ai_ci NULL DEFAULT '' COMMENT 'еҲӣе»әиҖ…',
  `create_time` datetime NULL DEFAULT NULL COMMENT 'еҲӣе»әж—¶й—ҙ',
  `update_by` varchar(64) CHARACTER SET utf8mb4 COLLATE utf8mb4_0900_ai_ci NULL DEFAULT '' COMMENT 'жӣҙж–°иҖ…',
  `update_time` datetime NULL DEFAULT NULL COMMENT 'жӣҙж–°ж—¶й—ҙ',
  `remark` varchar(500) CHARACTER SET utf8mb4 COLLATE utf8mb4_0900_ai_ci NULL DEFAULT NULL COMMENT 'еӨҮжіЁ',
  PRIMARY KEY (`post_id`) USING BTREE
) ENGINE = InnoDB AUTO_INCREMENT = 5 CHARACTER SET = utf8mb4 COLLATE = utf8mb4_0900_ai_ci COMMENT = 'еІ—дҪҚдҝЎжҒҜиЎЁ' ROW_FORMAT = DYNAMIC;

-- ----------------------------
-- Records of sys_post
-- ----------------------------
INSERT INTO `sys_post` VALUES (1, 'teacher', 'иҙҹиҙЈиҖҒеёҲ', 1, '0', 'admin', '2026-03-15 12:49:46', '', NULL, '');
INSERT INTO `sys_post` VALUES (2, 'advisor', 'жҢҮеҜјиҖҒеёҲ', 2, '0', 'admin', '2026-03-15 12:49:46', '', NULL, '');
INSERT INTO `sys_post` VALUES (3, 'counselor', 'иҫ…еҜје‘ҳ', 3, '0', 'admin', '2026-03-15 12:49:46', '', NULL, '');
INSERT INTO `sys_post` VALUES (4, 'volunteer', 'еӯҰз”ҹеҝ—ж„ҝиҖ…', 4, '0', 'admin', '2026-03-15 12:49:46', '', NULL, '');

-- ----------------------------
-- Table structure for sys_role
-- ----------------------------
DROP TABLE IF EXISTS `sys_role`;
CREATE TABLE `sys_role`  (
  `role_id` bigint NOT NULL AUTO_INCREMENT COMMENT 'и§’иүІID',
  `role_name` varchar(30) CHARACTER SET utf8mb4 COLLATE utf8mb4_0900_ai_ci NOT NULL COMMENT 'и§’иүІеҗҚз§°',
  `role_key` varchar(100) CHARACTER SET utf8mb4 COLLATE utf8mb4_0900_ai_ci NOT NULL COMMENT 'и§’иүІжқғйҷҗеӯ—з¬ҰдёІ',
  `role_sort` int NOT NULL COMMENT 'жҳҫзӨәйЎәеәҸ',
  `data_scope` char(1) CHARACTER SET utf8mb4 COLLATE utf8mb4_0900_ai_ci NULL DEFAULT '1' COMMENT 'ж•°жҚ®иҢғеӣҙпјҲ1пјҡе…ЁйғЁж•°жҚ®жқғйҷҗ 2пјҡиҮӘе®ҡж•°жҚ®жқғйҷҗ 3пјҡжң¬йғЁй—Ёж•°жҚ®жқғйҷҗ 4пјҡжң¬йғЁй—ЁеҸҠд»ҘдёӢж•°жҚ®жқғйҷҗпјү',
  `menu_check_strictly` tinyint(1) NULL DEFAULT 1 COMMENT 'иҸңеҚ•ж ‘йҖүжӢ©йЎ№жҳҜеҗҰе…іиҒ”жҳҫзӨә',
  `dept_check_strictly` tinyint(1) NULL DEFAULT 1 COMMENT 'йғЁй—Ёж ‘йҖүжӢ©йЎ№жҳҜеҗҰе…іиҒ”жҳҫзӨә',
  `status` char(1) CHARACTER SET utf8mb4 COLLATE utf8mb4_0900_ai_ci NOT NULL COMMENT 'и§’иүІзҠ¶жҖҒпјҲ0жӯЈеёё 1еҒңз”Ёпјү',
  `del_flag` char(1) CHARACTER SET utf8mb4 COLLATE utf8mb4_0900_ai_ci NULL DEFAULT '0' COMMENT 'еҲ йҷӨж Үеҝ—пјҲ0д»ЈиЎЁеӯҳеңЁ 2д»ЈиЎЁеҲ йҷӨпјү',
  `create_by` varchar(64) CHARACTER SET utf8mb4 COLLATE utf8mb4_0900_ai_ci NULL DEFAULT '' COMMENT 'еҲӣе»әиҖ…',
  `create_time` datetime NULL DEFAULT NULL COMMENT 'еҲӣе»әж—¶й—ҙ',
  `update_by` varchar(64) CHARACTER SET utf8mb4 COLLATE utf8mb4_0900_ai_ci NULL DEFAULT '' COMMENT 'жӣҙж–°иҖ…',
  `update_time` datetime NULL DEFAULT NULL COMMENT 'жӣҙж–°ж—¶й—ҙ',
  `remark` varchar(500) CHARACTER SET utf8mb4 COLLATE utf8mb4_0900_ai_ci NULL DEFAULT NULL COMMENT 'еӨҮжіЁ',
  PRIMARY KEY (`role_id`) USING BTREE
) ENGINE = InnoDB AUTO_INCREMENT = 101 CHARACTER SET = utf8mb4 COLLATE = utf8mb4_0900_ai_ci COMMENT = 'и§’иүІдҝЎжҒҜиЎЁ' ROW_FORMAT = DYNAMIC;

-- ----------------------------
-- Records of sys_role
-- ----------------------------
INSERT INTO `sys_role` VALUES (1, 'зі»з»ҹз®ЎзҗҶе‘ҳ', 'admin', 1, '1', 1, 1, '0', '0', 'admin', '2026-03-15 12:49:46', '', NULL, 'зі»з»ҹз®ЎзҗҶе‘ҳпјҲиҙҹиҙЈиҖҒеёҲпјү');
INSERT INTO `sys_role` VALUES (2, 'иҖҒе№ҙз”ЁжҲ·', 'common', 2, '2', 1, 1, '0', '0', 'admin', '2026-03-15 12:49:46', '', NULL, 'зӨҫеҢәиҖҒдәәз”ЁжҲ·');
INSERT INTO `sys_role` VALUES (3, 'еӯҰз”ҹеҝ—ж„ҝиҖ…', 'repair_student', 3, '2', 1, 1, '0', '0', 'admin', '2026-03-31 08:55:00', '', NULL, 'еӯҰз”ҹеҝ—ж„ҝиҖ…');

-- ----------------------------
-- Table structure for sys_role_dept
-- ----------------------------
DROP TABLE IF EXISTS `sys_role_dept`;
CREATE TABLE `sys_role_dept`  (
  `role_id` bigint NOT NULL COMMENT 'и§’иүІID',
  `dept_id` bigint NOT NULL COMMENT 'йғЁй—ЁID',
  PRIMARY KEY (`role_id`, `dept_id`) USING BTREE
) ENGINE = InnoDB CHARACTER SET = utf8mb4 COLLATE = utf8mb4_0900_ai_ci COMMENT = 'и§’иүІе’ҢйғЁй—Ёе…іиҒ”иЎЁ' ROW_FORMAT = DYNAMIC;

-- ----------------------------
-- Records of sys_role_dept
-- ----------------------------
INSERT INTO `sys_role_dept` VALUES (2, 100);
INSERT INTO `sys_role_dept` VALUES (2, 101);
INSERT INTO `sys_role_dept` VALUES (2, 105);

-- ----------------------------
-- Table structure for sys_role_menu
-- ----------------------------
DROP TABLE IF EXISTS `sys_role_menu`;
CREATE TABLE `sys_role_menu`  (
  `role_id` bigint NOT NULL COMMENT 'и§’иүІID',
  `menu_id` bigint NOT NULL COMMENT 'иҸңеҚ•ID',
  PRIMARY KEY (`role_id`, `menu_id`) USING BTREE
) ENGINE = InnoDB CHARACTER SET = utf8mb4 COLLATE = utf8mb4_0900_ai_ci COMMENT = 'и§’иүІе’ҢиҸңеҚ•е…іиҒ”иЎЁ' ROW_FORMAT = DYNAMIC;

-- ----------------------------
-- Records of sys_role_menu
-- ----------------------------
INSERT INTO `sys_role_menu` VALUES (2, 2000);
INSERT INTO `sys_role_menu` VALUES (2, 2001);
INSERT INTO `sys_role_menu` VALUES (2, 2002);
INSERT INTO `sys_role_menu` VALUES (2, 2003);
INSERT INTO `sys_role_menu` VALUES (3, 2001);
INSERT INTO `sys_role_menu` VALUES (3, 2003);

-- ----------------------------
-- Table structure for sys_user
-- ----------------------------
DROP TABLE IF EXISTS `sys_user`;
CREATE TABLE `sys_user`  (
  `user_id` bigint NOT NULL AUTO_INCREMENT COMMENT 'з”ЁжҲ·ID',
  `dept_id` bigint NULL DEFAULT NULL COMMENT 'йғЁй—ЁID',
  `user_name` varchar(30) CHARACTER SET utf8mb4 COLLATE utf8mb4_0900_ai_ci NOT NULL COMMENT 'з”ЁжҲ·иҙҰеҸ·',
  `nick_name` varchar(30) CHARACTER SET utf8mb4 COLLATE utf8mb4_0900_ai_ci NOT NULL COMMENT 'з”ЁжҲ·жҳөз§°',
  `user_type` varchar(2) CHARACTER SET utf8mb4 COLLATE utf8mb4_0900_ai_ci NULL DEFAULT '00' COMMENT 'з”ЁжҲ·зұ»еһӢпјҲ00зі»з»ҹз”ЁжҲ·пјү',
  `email` varchar(50) CHARACTER SET utf8mb4 COLLATE utf8mb4_0900_ai_ci NULL DEFAULT '' COMMENT 'з”ЁжҲ·йӮ®з®ұ',
  `phonenumber` varchar(11) CHARACTER SET utf8mb4 COLLATE utf8mb4_0900_ai_ci NULL DEFAULT '' COMMENT 'жүӢжңәеҸ·з Ғ',
  `sex` char(1) CHARACTER SET utf8mb4 COLLATE utf8mb4_0900_ai_ci NULL DEFAULT '0' COMMENT 'з”ЁжҲ·жҖ§еҲ«пјҲ0з”· 1еҘі 2жңӘзҹҘпјү',
  `avatar` varchar(255) CHARACTER SET utf8mb4 COLLATE utf8mb4_0900_ai_ci NULL DEFAULT '' COMMENT 'еӨҙеғҸең°еқҖ',
  `password` varchar(100) CHARACTER SET utf8mb4 COLLATE utf8mb4_0900_ai_ci NULL DEFAULT '' COMMENT 'еҜҶз Ғ',
  `status` char(1) CHARACTER SET utf8mb4 COLLATE utf8mb4_0900_ai_ci NULL DEFAULT '0' COMMENT 'иҙҰеҸ·зҠ¶жҖҒпјҲ0жӯЈеёё 1еҒңз”Ёпјү',
  `del_flag` char(1) CHARACTER SET utf8mb4 COLLATE utf8mb4_0900_ai_ci NULL DEFAULT '0' COMMENT 'еҲ йҷӨж Үеҝ—пјҲ0д»ЈиЎЁеӯҳеңЁ 2д»ЈиЎЁеҲ йҷӨпјү',
  `login_ip` varchar(128) CHARACTER SET utf8mb4 COLLATE utf8mb4_0900_ai_ci NULL DEFAULT '' COMMENT 'жңҖеҗҺзҷ»еҪ•IP',
  `login_date` datetime NULL DEFAULT NULL COMMENT 'жңҖеҗҺзҷ»еҪ•ж—¶й—ҙ',
  `pwd_update_date` datetime NULL DEFAULT NULL COMMENT 'еҜҶз ҒжңҖеҗҺжӣҙж–°ж—¶й—ҙ',
  `create_by` varchar(64) CHARACTER SET utf8mb4 COLLATE utf8mb4_0900_ai_ci NULL DEFAULT '' COMMENT 'еҲӣе»әиҖ…',
  `create_time` datetime NULL DEFAULT NULL COMMENT 'еҲӣе»әж—¶й—ҙ',
  `update_by` varchar(64) CHARACTER SET utf8mb4 COLLATE utf8mb4_0900_ai_ci NULL DEFAULT '' COMMENT 'жӣҙж–°иҖ…',
  `update_time` datetime NULL DEFAULT NULL COMMENT 'жӣҙж–°ж—¶й—ҙ',
  `remark` varchar(500) CHARACTER SET utf8mb4 COLLATE utf8mb4_0900_ai_ci NULL DEFAULT NULL COMMENT 'еӨҮжіЁ',
  `wx_openid` varchar(64) CHARACTER SET utf8mb4 COLLATE utf8mb4_0900_ai_ci NULL DEFAULT NULL COMMENT 'еҫ®дҝЎOpenID',
  PRIMARY KEY (`user_id`) USING BTREE,
  UNIQUE INDEX `idx_sys_user_wx_openid`(`wx_openid` ASC) USING BTREE
) ENGINE = InnoDB AUTO_INCREMENT = 101 CHARACTER SET = utf8mb4 COLLATE = utf8mb4_0900_ai_ci COMMENT = 'з”ЁжҲ·дҝЎжҒҜиЎЁ' ROW_FORMAT = DYNAMIC;

-- ----------------------------
-- Records of sys_user
-- ----------------------------
INSERT INTO `sys_user` VALUES (1, 103, 'admin', 'з®ЎзҗҶе‘ҳ', '00', 'admin@jslg.edu.cn', '15888888888', '1', '', '$2a$10$7JB720yubVSZvUI0rEqK/.VqGOZTH.ulu33dHOiBE8ByOhJIrdAu2', '0', '0', '127.0.0.1', '2026-04-08 15:16:09', '2026-03-15 12:49:46', 'admin', '2026-03-15 12:49:46', '', NULL, 'иҙҹиҙЈиҖҒеёҲ', NULL);
INSERT INTO `sys_user` VALUES (2, 103, 'ry', 'еҝ—ж„ҝиҖ…жөӢиҜ•', '00', 'volunteer@jslg.edu.cn', '15666666666', '1', '', '$2a$10$7JB720yubVSZvUI0rEqK/.VqGOZTH.ulu33dHOiBE8ByOhJIrdAu2', '0', '0', '127.0.0.1', '2026-04-08 14:30:58', '2026-03-15 12:49:46', 'admin', '2026-03-15 12:49:46', '', NULL, 'еӯҰз”ҹеҝ—ж„ҝиҖ…', NULL);
INSERT INTO `sys_user` VALUES (100, NULL, 'yonghu1', 'йӘҶй©јзҘҘеӯҗ', '00', '', '15251637949', '0', '/profile/avatar/2026/04/08/1bf2f4b8aeb44e098a443ffcb523b3e2.jpeg', '$2a$10$jIjXI7zPWcRFIK9V1dj4yuSj6mLj8cC0IizxW9qM.fBkw4NxDvKE.', '0', '0', '', NULL, NULL, 'wxLogin', '2026-03-30 10:52:03', 'wxLogin', '2026-04-08 14:47:52', NULL, 'oOaFD3b13JBeJFcZ4DahZvlLU834');

-- ----------------------------
-- Table structure for sys_user_post
-- ----------------------------
DROP TABLE IF EXISTS `sys_user_post`;
CREATE TABLE `sys_user_post`  (
  `user_id` bigint NOT NULL COMMENT 'з”ЁжҲ·ID',
  `post_id` bigint NOT NULL COMMENT 'еІ—дҪҚID',
  PRIMARY KEY (`user_id`, `post_id`) USING BTREE
) ENGINE = InnoDB CHARACTER SET = utf8mb4 COLLATE = utf8mb4_0900_ai_ci COMMENT = 'з”ЁжҲ·дёҺеІ—дҪҚе…іиҒ”иЎЁ' ROW_FORMAT = DYNAMIC;

-- ----------------------------
-- Records of sys_user_post
-- ----------------------------
INSERT INTO `sys_user_post` VALUES (1, 1);
INSERT INTO `sys_user_post` VALUES (2, 4);

-- ----------------------------
-- Table structure for sys_user_role
-- ----------------------------
DROP TABLE IF EXISTS `sys_user_role`;
CREATE TABLE `sys_user_role`  (
  `user_id` bigint NOT NULL COMMENT 'з”ЁжҲ·ID',
  `role_id` bigint NOT NULL COMMENT 'и§’иүІID',
  PRIMARY KEY (`user_id`, `role_id`) USING BTREE
) ENGINE = InnoDB CHARACTER SET = utf8mb4 COLLATE = utf8mb4_0900_ai_ci COMMENT = 'з”ЁжҲ·е’Ңи§’иүІе…іиҒ”иЎЁ' ROW_FORMAT = DYNAMIC;

-- ----------------------------
-- Records of sys_user_role
-- ----------------------------
INSERT INTO `sys_user_role` VALUES (1, 1);
INSERT INTO `sys_user_role` VALUES (2, 3);
INSERT INTO `sys_user_role` VALUES (100, 2);

SET FOREIGN_KEY_CHECKS = 1;
